{
    "unmatched_loss": 0.2997186779975891,
    "unmatched_n_samples": 2497,
    "unmatched_f1_score": 0.8793526464176132,
    "unmatched_precision": 0.8890333645444486,
    "unmatched_recall": 0.8802563075690829,
    "unmatched_accuracy": 0.5018488345405756,
    "unmatched_roc_auc": 0.9668611405282242,
    "unmatched_fpr": 0.042352941176470586,
    "unmatched_tpr": 0.7995090016366612,
    "unmatched_f1_human": 0.8909157241882525,
    "unmatched_f1_ai": 0.8672880603639591,
    "unmatched_f1_score_mean": 0.8893936338768802,
    "unmatched_precision_mean": 0.8945218453341125,
    "unmatched_recall_mean": 0.8898678414096917,
    "unmatched_accuracy_mean": 0.5014068143285759,
    "unmatched_roc_auc_mean": 0.9668611405282242,
    "unmatched_fpr_mean": 0.05333333333333334,
    "unmatched_tpr_mean": 0.8306055646481179,
    "unmatched_f1_human_mean": 0.8977314986984009,
    "unmatched_f1_ai_mean": 0.8806941431670282,
    "unmatched_threshold_mean": 0.41356170177459717,
    "unmatched_f1_score_fpr": 0.8889365564705701,
    "unmatched_precision_fpr": 0.8947656487766605,
    "unmatched_recall_fpr": 0.8894673608329996,
    "unmatched_accuracy_fpr": 0.5014833178268067,
    "unmatched_roc_auc_fpr": 0.9668611405282242,
    "unmatched_fpr_fpr": 0.05019607843137255,
    "unmatched_tpr_fpr": 0.8265139116202946,
    "unmatched_f1_human_fpr": 0.8977020014825797,
    "unmatched_f1_ai_fpr": 0.8797909407665505,
    "unmatched_threshold_fpr": 0.4269110825482536,
    "unmatched_n_samples_human": 1275,
    "unmatched_n_samples_ai": 1222,
    "unmatched_runtime": 4.2675,
    "unmatched_samples_per_second": 585.117,
    "unmatched_steps_per_second": 0.703,
    "epoch": 4.777070063694268
}