{
    "eval_loss": 0.09246739000082016,
    "eval_n_samples": 1434,
    "eval_f1_score": 0.9735004911639126,
    "eval_precision": 0.9735154345783575,
    "eval_recall": 0.9735006973500697,
    "eval_accuracy": 0.5,
    "eval_roc_auc": 0.9933571813440863,
    "eval_fpr": 0.029288702928870293,
    "eval_tpr": 0.9762900976290098,
    "eval_f1_human": 0.9734265734265735,
    "eval_f1_ai": 0.9735744089012517,
    "eval_f1_score_median": 0.9721059972105998,
    "eval_precision_median": 0.9721059972105998,
    "eval_recall_median": 0.9721059972105998,
    "eval_accuracy_median": 0.5,
    "eval_roc_auc_median": 0.9933571813440863,
    "eval_fpr_median": 0.02789400278940028,
    "eval_tpr_median": 0.9721059972105998,
    "eval_f1_human_median": 0.9721059972105998,
    "eval_f1_ai_median": 0.9721059972105998,
    "eval_threshold_median": 0.5769855976104736,
    "eval_f1_score_mean": 0.9735004911639126,
    "eval_precision_mean": 0.9735154345783575,
    "eval_recall_mean": 0.9735006973500697,
    "eval_accuracy_mean": 0.5,
    "eval_roc_auc_mean": 0.9933571813440863,
    "eval_fpr_mean": 0.029288702928870293,
    "eval_tpr_mean": 0.9762900976290098,
    "eval_f1_human_mean": 0.9734265734265735,
    "eval_f1_ai_mean": 0.9735744089012517,
    "eval_threshold_mean": 0.5052026510238647,
    "eval_f1_score_fpr": 0.9679113480697384,
    "eval_precision_fpr": 0.9685379996221366,
    "eval_recall_fpr": 0.9679218967921897,
    "eval_accuracy_fpr": 0.5,
    "eval_roc_auc_fpr": 0.9933571813440863,
    "eval_fpr_fpr": 0.0502092050209205,
    "eval_tpr_fpr": 0.9860529986052998,
    "eval_f1_human_fpr": 0.9673295454545454,
    "eval_f1_ai_fpr": 0.9684931506849315,
    "eval_threshold_fpr": 0.2968501113614943,
    "eval_n_samples_human": 717,
    "eval_n_samples_ai": 717,
    "eval_runtime": 2.3697,
    "eval_samples_per_second": 605.127,
    "eval_steps_per_second": 0.844,
    "epoch": 4.777070063694268
}