{
    "unmatched_loss": 0.5610343813896179,
    "unmatched_n_samples": 12901,
    "unmatched_f1_score": 0.7630900916925686,
    "unmatched_precision": 0.7979418583364492,
    "unmatched_recall": 0.7721882024649251,
    "unmatched_accuracy": 0.5156152912076891,
    "unmatched_roc_auc": 0.9102062863850966,
    "unmatched_fpr": 0.06408966805575514,
    "unmatched_tpr": 0.5804442948502188,
    "unmatched_f1_human": 0.8159098026933918,
    "unmatched_f1_ai": 0.7012300498119345,
    "unmatched_f1_score_mean": 0.7993514348985457,
    "unmatched_precision_mean": 0.8106033976139445,
    "unmatched_recall_mean": 0.802573443919076,
    "unmatched_accuracy_mean": 0.5103969547994064,
    "unmatched_roc_auc_mean": 0.9102062863850966,
    "unmatched_fpr_mean": 0.09728409254203191,
    "unmatched_tpr_mean": 0.6852911477616964,
    "unmatched_f1_human_mean": 0.8314472900536033,
    "unmatched_f1_ai_mean": 0.7617622299130109,
    "unmatched_threshold_mean": 0.32684212923049927,
    "unmatched_f1_score_fpr": 0.7430955766264298,
    "unmatched_precision_fpr": 0.7939049224104558,
    "unmatched_recall_fpr": 0.7564529881404543,
    "unmatched_accuracy_fpr": 0.5180533664148377,
    "unmatched_roc_auc_fpr": 0.9102062863850966,
    "unmatched_fpr_fpr": 0.050007184940365,
    "unmatched_tpr_fpr": 0.5297879501851228,
    "unmatched_f1_human_fpr": 0.807993155707651,
    "unmatched_f1_ai_fpr": 0.6670904852723034,
    "unmatched_threshold_fpr": 0.5872690031147839,
    "unmatched_n_samples_human": 6959,
    "unmatched_n_samples_ai": 5942,
    "unmatched_runtime": 22.0461,
    "unmatched_samples_per_second": 585.182,
    "unmatched_steps_per_second": 0.59,
    "epoch": 7.156673114119923
}