{
    "eval_loss": 0.20160523056983948,
    "eval_n_samples": 2364,
    "eval_f1_score": 0.9183316934110927,
    "eval_precision": 0.9189131174858002,
    "eval_recall": 0.9183587140439933,
    "eval_accuracy": 0.5,
    "eval_roc_auc": 0.9776662629802366,
    "eval_fpr": 0.06345177664974619,
    "eval_tpr": 0.9001692047377327,
    "eval_f1_human": 0.919817199833818,
    "eval_f1_ai": 0.9168461869883671,
    "eval_f1_score_median": 0.9204737732656514,
    "eval_precision_median": 0.9204737732656514,
    "eval_recall_median": 0.9204737732656514,
    "eval_accuracy_median": 0.5,
    "eval_roc_auc_median": 0.9776662629802366,
    "eval_fpr_median": 0.07952622673434856,
    "eval_tpr_median": 0.9204737732656514,
    "eval_f1_human_median": 0.9204737732656514,
    "eval_f1_ai_median": 0.9204737732656514,
    "eval_threshold_median": 0.4115544557571411,
    "eval_f1_score_mean": 0.9179206625107024,
    "eval_precision_mean": 0.9182422462574316,
    "eval_recall_mean": 0.9179357021996616,
    "eval_accuracy_mean": 0.5,
    "eval_roc_auc_mean": 0.9776662629802366,
    "eval_fpr_mean": 0.06852791878172589,
    "eval_tpr_mean": 0.9043993231810491,
    "eval_f1_human_mean": 0.9190317195325542,
    "eval_f1_ai_mean": 0.9168096054888508,
    "eval_threshold_mean": 0.4783918261528015,
    "eval_f1_score_fpr": 0.9161476262679825,
    "eval_precision_fpr": 0.918159174645724,
    "eval_recall_fpr": 0.916243654822335,
    "eval_accuracy_fpr": 0.5,
    "eval_roc_auc_fpr": 0.9776662629802366,
    "eval_fpr_fpr": 0.04991539763113367,
    "eval_tpr_fpr": 0.8824027072758037,
    "eval_f1_human_fpr": 0.9189852700490998,
    "eval_f1_ai_fpr": 0.9133099824868651,
    "eval_threshold_fpr": 0.6119243731555196,
    "eval_n_samples_human": 1182,
    "eval_n_samples_ai": 1182,
    "eval_runtime": 3.9339,
    "eval_samples_per_second": 600.924,
    "eval_steps_per_second": 0.763,
    "epoch": 7.156673114119923
}