{
    "test_loss": 0.17883118987083435,
    "test_n_samples": 4726,
    "test_f1_score": 0.9299486616072089,
    "test_precision": 0.9302874930281041,
    "test_recall": 0.929961912822683,
    "test_accuracy": 0.5,
    "test_roc_auc": 0.9816340898056493,
    "test_fpr": 0.05628438425730004,
    "test_tpr": 0.916208209902666,
    "test_f1_human": 0.9309121269046128,
    "test_f1_ai": 0.9289851963098048,
    "test_f1_score_median": 0.9301735082522218,
    "test_precision_median": 0.9301735082522218,
    "test_recall_median": 0.9301735082522218,
    "test_accuracy_median": 0.5,
    "test_roc_auc_median": 0.9816340898056493,
    "test_fpr_median": 0.06982649174777825,
    "test_tpr_median": 0.9301735082522218,
    "test_f1_human_median": 0.9301735082522218,
    "test_f1_ai_median": 0.9301735082522218,
    "test_threshold_median": 0.41192978620529175,
    "test_f1_score_mean": 0.9305862443506348,
    "test_precision_mean": 0.9308562729766029,
    "test_recall_mean": 0.9305966991112992,
    "test_accuracy_mean": 0.5,
    "test_roc_auc_mean": 0.9816340898056493,
    "test_fpr_mean": 0.05713076597545493,
    "test_tpr_mean": 0.9183241641980533,
    "test_f1_human_mean": 0.931438127090301,
    "test_f1_ai_mean": 0.9297343616109683,
    "test_threshold_mean": 0.4816010892391205,
    "test_f1_score_fpr": 0.9278103243896012,
    "test_precision_fpr": 0.9286924000097618,
    "test_recall_fpr": 0.9278459585272958,
    "test_accuracy_fpr": 0.5,
    "test_roc_auc_fpr": 0.9816340898056493,
    "test_fpr_fpr": 0.04993652137113838,
    "test_tpr_fpr": 0.90562843842573,
    "test_f1_human_fpr": 0.9294141999586008,
    "test_f1_ai_fpr": 0.9262064488206015,
    "test_threshold_fpr": 0.5561817894030364,
    "test_n_samples_human": 2363,
    "test_n_samples_ai": 2363,
    "test_runtime": 8.1349,
    "test_samples_per_second": 580.955,
    "test_steps_per_second": 0.615,
    "epoch": 7.156673114119923
}