{
    "blog_authorship_corpus": {
        "n_samples": 1832,
        "f1_score": 0.6645137915281738,
        "precision": 0.8094127415458937,
        "recall": 0.6954148471615721,
        "accuracy": 0.6954148471615721,
        "roc_auc": 0.6954148471615721,
        "fpr": 0.6080786026200873,
        "tpr": 0.9989082969432315,
        "f1_human": 0.5626959247648903,
        "f1_ai": 0.7663316582914573,
        "f1_score_median": 0.851528384279476,
        "precision_median": 0.851528384279476,
        "recall_median": 0.851528384279476,
        "accuracy_median": 0.851528384279476,
        "roc_auc_median": 0.8515283842794759,
        "fpr_median": 0.14847161572052403,
        "tpr_median": 0.851528384279476,
        "f1_human_median": 0.851528384279476,
        "f1_ai_median": 0.851528384279476,
        "threshold_median": 0.9680681256253685,
        "f1_score_mean": 0.7161599282947597,
        "precision_mean": 0.8261011451514013,
        "recall_mean": 0.7358078602620087,
        "accuracy_mean": 0.7358078602620087,
        "roc_auc_mean": 0.7358078602620087,
        "fpr_mean": 0.527292576419214,
        "tpr_mean": 0.9989082969432315,
        "f1_human_mean": 0.6414814814814814,
        "f1_ai_mean": 0.790838375108038,
        "threshold_mean": 0.7875351469683218,
        "f1_score_fpr": 0.7962394433364466,
        "precision_fpr": 0.8300838296096803,
        "recall_fpr": 0.800764192139738,
        "accuracy_fpr": 0.800764192139738,
        "roc_auc_fpr": 0.800764192139738,
        "fpr_fpr": 0.05021834061135371,
        "tpr_fpr": 0.6517467248908297,
        "f1_human_fpr": 0.8266033254156769,
        "f1_ai_fpr": 0.7658755612572161,
        "threshold_fpr": 0.9763616132140445,
        "n_samples_human": 916,
        "n_samples_ai": 916
    },
    "student_essays": {
        "n_samples": 14496,
        "f1_score": 0.9680297551508603,
        "precision": 0.9698471988266832,
        "recall": 0.9680601545253863,
        "accuracy": 0.9680601545253863,
        "roc_auc": 0.9680601545253862,
        "fpr": 0.06277593818984548,
        "tpr": 0.9988962472406181,
        "f1_human": 0.9670439177165635,
        "f1_ai": 0.9690155925851569,
        "f1_score_median": 0.9940673289183223,
        "precision_median": 0.9940673289183223,
        "recall_median": 0.9940673289183223,
        "accuracy_median": 0.9940673289183223,
        "roc_auc_median": 0.9940673289183222,
        "fpr_median": 0.005932671081677704,
        "tpr_median": 0.9940673289183223,
        "f1_human_median": 0.9940673289183223,
        "f1_ai_median": 0.9940673289183223,
        "threshold_median": 0.9636774200524042,
        "f1_score_mean": 0.969829499517527,
        "precision_mean": 0.9713694368577327,
        "recall_mean": 0.9698537527593819,
        "accuracy_mean": 0.9698537527593819,
        "roc_auc_mean": 0.9698537527593819,
        "fpr_mean": 0.05849889624724062,
        "tpr_mean": 0.9982064017660044,
        "f1_human_mean": 0.9689740859069933,
        "f1_ai_mean": 0.9706849131280606,
        "threshold_mean": 0.5513923351646538,
        "f1_score_fpr": 0.9739084563699485,
        "precision_fpr": 0.9750442666992306,
        "recall_fpr": 0.9739238410596026,
        "accuracy_fpr": 0.9739238410596026,
        "roc_auc_fpr": 0.9739238410596026,
        "fpr_fpr": 0.05035871964679912,
        "tpr_fpr": 0.9982064017660044,
        "f1_human_fpr": 0.973274886877828,
        "f1_ai_fpr": 0.974542025862069,
        "threshold_fpr": 0.6372007524400329,
        "n_samples_human": 7248,
        "n_samples_ai": 7248
    },
    "cnn_news": {
        "n_samples": 4726,
        "f1_score": 0.7847639621441664,
        "precision": 0.8540605334132454,
        "recall": 0.7939060516292848,
        "accuracy": 0.7939060516292848,
        "roc_auc": 0.7939060516292848,
        "fpr": 0.41218789674143036,
        "tpr": 1.0,
        "f1_human": 0.740405117270789,
        "f1_ai": 0.8291228070175438,
        "f1_score_median": 0.9936521371138384,
        "precision_median": 0.9936521371138384,
        "recall_median": 0.9936521371138384,
        "accuracy_median": 0.9936521371138384,
        "roc_auc_median": 0.9936521371138385,
        "fpr_median": 0.006347862886161659,
        "tpr_median": 0.9936521371138384,
        "f1_human_median": 0.9936521371138384,
        "f1_ai_median": 0.9936521371138384,
        "threshold_median": 0.9772779424261681,
        "f1_score_mean": 0.8266524003454145,
        "precision_mean": 0.8740107628996518,
        "recall_mean": 0.8315700380871773,
        "accuracy_mean": 0.8315700380871773,
        "roc_auc_mean": 0.8315700380871773,
        "fpr_mean": 0.3368599238256454,
        "tpr_mean": 1.0,
        "f1_human_mean": 0.7974554707379135,
        "f1_ai_mean": 0.8558493299529156,
        "threshold_mean": 0.7008051740222278,
        "f1_score_fpr": 0.9752281522649107,
        "precision_fpr": 0.9764112903225807,
        "recall_fpr": 0.9752433347439695,
        "accuracy_fpr": 0.9752433347439695,
        "roc_auc_fpr": 0.9752433347439695,
        "fpr_fpr": 0.04951333051206094,
        "tpr_fpr": 1.0,
        "f1_human_fpr": 0.9746148839227599,
        "f1_ai_fpr": 0.9758414206070617,
        "threshold_fpr": 0.963647909607261,
        "n_samples_human": 2363,
        "n_samples_ai": 2363
    },
    "euro_court_cases": {
        "n_samples": 1506,
        "f1_score": 0.9143881914256732,
        "precision": 0.927355278093076,
        "recall": 0.9150066401062417,
        "accuracy": 0.9150066401062417,
        "roc_auc": 0.9150066401062418,
        "fpr": 0.1699867197875166,
        "tpr": 1.0,
        "f1_human": 0.9071117561683599,
        "f1_ai": 0.9216646266829865,
        "f1_score_median": 0.99867197875166,
        "precision_median": 0.99867197875166,
        "recall_median": 0.99867197875166,
        "accuracy_median": 0.99867197875166,
        "roc_auc_median": 0.99867197875166,
        "fpr_median": 0.0013280212483399733,
        "tpr_median": 0.99867197875166,
        "f1_human_median": 0.99867197875166,
        "f1_ai_median": 0.99867197875166,
        "threshold_median": 0.9667695148090638,
        "f1_score_mean": 0.9306119917420543,
        "precision_mean": 0.9393232205367561,
        "recall_mean": 0.9309428950863213,
        "accuracy_mean": 0.9309428950863213,
        "roc_auc_mean": 0.9309428950863214,
        "fpr_mean": 0.13811420982735723,
        "tpr_mean": 1.0,
        "f1_human_mean": 0.9258202567760342,
        "f1_ai_mean": 0.9354037267080745,
        "threshold_mean": 0.6065433376203261,
        "f1_score_fpr": 0.9747515212265816,
        "precision_fpr": 0.9759797724399495,
        "recall_fpr": 0.9747675962815405,
        "accuracy_fpr": 0.9747675962815405,
        "roc_auc_fpr": 0.9747675962815405,
        "fpr_fpr": 0.05046480743691899,
        "tpr_fpr": 1.0,
        "f1_human_fpr": 0.9741144414168937,
        "f1_ai_fpr": 0.9753886010362695,
        "threshold_fpr": 0.8742348176369151,
        "n_samples_human": 753,
        "n_samples_ai": 753
    },
    "house_of_commons": {
        "n_samples": 2386,
        "f1_score": 0.7590109361225255,
        "precision": 0.843210586881473,
        "recall": 0.7715842414082146,
        "accuracy": 0.7715842414082146,
        "roc_auc": 0.7715842414082146,
        "fpr": 0.45683151718357085,
        "tpr": 1.0,
        "f1_human": 0.7039652362846279,
        "f1_ai": 0.8140566359604231,
        "f1_score_median": 0.9798826487845766,
        "precision_median": 0.9798826487845766,
        "recall_median": 0.9798826487845766,
        "accuracy_median": 0.9798826487845766,
        "roc_auc_median": 0.9798826487845766,
        "fpr_median": 0.020117351215423303,
        "tpr_median": 0.9798826487845766,
        "f1_human_median": 0.9798826487845766,
        "f1_ai_median": 0.9798826487845766,
        "threshold_median": 0.9781889170163155,
        "f1_score_mean": 0.815579731181235,
        "precision_mean": 0.8684373069796171,
        "recall_mean": 0.8214585079631181,