{
    "blog_authorship_corpus": {
        "n_samples": 1832,
        "f1_score": 0.980893551275576,
        "precision": 0.9810608905691329,
        "recall": 0.9808951965065502,
        "accuracy": 0.9808951965065502,
        "roc_auc": 0.9808951965065502,
        "fpr": 0.028384279475982533,
        "tpr": 0.990174672489083,
        "f1_human": 0.9807162534435262,
        "f1_ai": 0.9810708491076258,
        "f1_score_median": 0.9847161572052402,
        "precision_median": 0.9847161572052402,
        "recall_median": 0.9847161572052402,
        "accuracy_median": 0.9847161572052402,
        "roc_auc_median": 0.9847161572052402,
        "fpr_median": 0.015283842794759825,
        "tpr_median": 0.9847161572052402,
        "f1_human_median": 0.9847161572052402,
        "f1_ai_median": 0.9847161572052402,
        "threshold_median": 0.832700160697793,
        "f1_score_mean": 0.980893551275576,
        "precision_mean": 0.9810608905691329,
        "recall_mean": 0.9808951965065502,
        "accuracy_mean": 0.9808951965065502,
        "roc_auc_mean": 0.9808951965065502,
        "fpr_mean": 0.028384279475982533,
        "tpr_mean": 0.990174672489083,
        "f1_human_mean": 0.9807162534435262,
        "f1_ai_mean": 0.9810708491076258,
        "threshold_mean": 0.5178831021466144,
        "f1_score_fpr": 0.9710567522668921,
        "precision_fpr": 0.9719253523733337,
        "recall_fpr": 0.9710698689956332,
        "accuracy_fpr": 0.9710698689956332,
        "roc_auc_fpr": 0.9710698689956333,
        "fpr_fpr": 0.05021834061135371,
        "tpr_fpr": 0.99235807860262,
        "f1_human_fpr": 0.9704406023424428,
        "f1_ai_fpr": 0.9716729021913415,
        "threshold_fpr": 0.2948522728450774,
        "n_samples_human": 916,
        "n_samples_ai": 916
    },
    "student_essays": {
        "n_samples": 14496,
        "f1_score": 0.9906864371741064,
        "precision": 0.9908238778893595,
        "recall": 0.9906870860927153,
        "accuracy": 0.9906870860927153,
        "roc_auc": 0.9906870860927152,
        "fpr": 0.017660044150110375,
        "tpr": 0.9990342163355408,
        "f1_human": 0.9906086956521739,
        "f1_ai": 0.9907641786960388,
        "f1_score_median": 0.9956539734892516,
        "precision_median": 0.9956539829449408,
        "recall_median": 0.9956539735099338,
        "accuracy_median": 0.9956539735099338,
        "roc_auc_median": 0.9956539735099338,
        "fpr_median": 0.004415011037527594,
        "tpr_median": 0.9957229580573952,
        "f1_human_median": 0.9956536736805796,
        "f1_ai_median": 0.9956542732979237,
        "threshold_median": 0.8937668654532935,
        "f1_score_mean": 0.9907554371315812,
        "precision_mean": 0.9908906290556672,
        "recall_mean": 0.9907560706401766,
        "accuracy_mean": 0.9907560706401766,
        "roc_auc_mean": 0.9907560706401766,
        "fpr_mean": 0.017522075055187637,
        "tpr_mean": 0.9990342163355408,
        "f1_human_mean": 0.9906789092932665,
        "f1_ai_mean": 0.990831964969896,
        "threshold_mean": 0.5151342557741824,
        "f1_score_fpr": 0.9748046663309949,
        "precision_fpr": 0.9760278471036384,
        "recall_fpr": 0.9748206401766004,
        "accuracy_fpr": 0.9748206401766004,
        "roc_auc_fpr": 0.9748206401766004,
        "fpr_fpr": 0.05035871964679912,
        "tpr_fpr": 1.0,
        "f1_human_fpr": 0.9741702639586725,
        "f1_ai_fpr": 0.9754390687033174,
        "threshold_fpr": 0.13554001056717419,
        "n_samples_human": 7248,
        "n_samples_ai": 7248
    },
    "cnn_news": {
        "n_samples": 4726,
        "f1_score": 0.8317590658819062,
        "precision": 0.8761676573758999,
        "recall": 0.8362251375370292,
        "accuracy": 0.8362251375370292,
        "roc_auc": 0.8362251375370291,
        "fpr": 0.3267033432077867,
        "tpr": 0.9991536182818451,
        "f1_human": 0.8043478260869565,
        "f1_ai": 0.8591703056768559,
        "f1_score_median": 0.9868810833685993,
        "precision_median": 0.9868810833685993,
        "recall_median": 0.9868810833685993,
        "accuracy_median": 0.9868810833685993,
        "roc_auc_median": 0.9868810833685994,
        "fpr_median": 0.013118916631400761,
        "tpr_median": 0.9868810833685993,
        "f1_human_median": 0.9868810833685993,
        "f1_ai_median": 0.9868810833685993,
        "threshold_median": 0.944354922333685,
        "f1_score_mean": 0.8877652225666038,
        "precision_mean": 0.9089267092121779,
        "recall_mean": 0.8891239949217097,
        "accuracy_mean": 0.8891239949217097,
        "roc_auc_mean": 0.8891239949217097,
        "fpr_mean": 0.22090562843842573,
        "tpr_mean": 0.9991536182818451,
        "f1_human_mean": 0.8754160722776986,
        "f1_ai_mean": 0.900114372855509,
        "threshold_mean": 0.6709067209390097,
        "f1_score_fpr": 0.9729016334958115,
        "precision_fpr": 0.9739057322143069,
        "recall_fpr": 0.9729157850190436,
        "accuracy_fpr": 0.9729157850190436,
        "roc_auc_fpr": 0.9729157850190436,
        "fpr_fpr": 0.04993652137113838,
        "tpr_fpr": 0.9957680914092255,
        "f1_human_fpr": 0.9722823733217844,
        "f1_ai_fpr": 0.9735208936698386,
        "threshold_fpr": 0.9114774545972646,
        "n_samples_human": 2363,
        "n_samples_ai": 2363
    },
    "euro_court_cases": {
        "n_samples": 1506,
        "f1_score": 0.9353226539840354,
        "precision": 0.9429411764705882,
        "recall": 0.9355909694555112,
        "accuracy": 0.9355909694555112,
        "roc_auc": 0.9355909694555113,
        "fpr": 0.0,
        "tpr": 0.8711819389110226,
        "f1_human": 0.9394884591391142,
        "f1_ai": 0.9311568488289567,
        "f1_score_median": 0.9814077025232404,
        "precision_median": 0.9814077025232404,
        "recall_median": 0.9814077025232404,
        "accuracy_median": 0.9814077025232404,
        "roc_auc_median": 0.9814077025232404,
        "fpr_median": 0.01859229747675963,
        "tpr_median": 0.9814077025232404,
        "f1_human_median": 0.9814077025232404,
        "f1_ai_median": 0.9814077025232404,
        "threshold_median": 0.15710659314393333,
        "f1_score_mean": 0.9621008463093558,
        "precision_mean": 0.9646302022752419,
        "recall_mean": 0.9621513944223108,
        "accuracy_mean": 0.9621513944223108,
        "roc_auc_mean": 0.9621513944223108,
        "fpr_mean": 0.0013280212483399733,
        "tpr_mean": 0.9256308100929614,
        "f1_human_mean": 0.9634849455477258,
        "f1_ai_mean": 0.9607167470709855,
        "threshold_mean": 0.41744234298772287,
        "f1_score_fpr": 0.9667895702491004,
        "precision_fpr": 0.9673566611869696,
        "recall_fpr": 0.9667994687915007,
        "accuracy_fpr": 0.9667994687915007,
        "roc_auc_fpr": 0.9667994687915007,
        "fpr_fpr": 0.05046480743691899,
        "tpr_fpr": 0.9840637450199203,
        "f1_human_fpr": 0.9662162162162162,
        "f1_ai_fpr": 0.9673629242819843,
        "threshold_fpr": 0.13480302156011992,
        "n_samples_human": 753,
        "n_samples_ai": 753
    },
    "house_of_commons": {
        "n_samples": 2386,
        "f1_score": 0.9727563705632488,
        "precision": 0.9728537696070164,
        "recall": 0.9727577535624476,
        "accuracy": 0.9727577535624476,
        "roc_auc": 0.9727577535624476,
        "fpr": 0.03436714165968147,
        "tpr": 0.9798826487845766,
        "f1_human": 0.9725622625580413,
        "f1_ai": 0.9729504785684561,
        "f1_score_median": 0.972338642078793,
        "precision_median": 0.972338642078793,
        "recall_median": 0.972338642078793,
        "accuracy_median": 0.972338642078793,
        "roc_auc_median": 0.972338642078793,
        "fpr_median": 0.027661357921207042,
        "tpr_median": 0.972338642078793,
        "f1_human_median": 0.972338642078793,
        "f1_ai_median": 0.972338642078793,
        "threshold_median": 0.6060505573527375,