{
    "blog_authorship_corpus": {
        "n_samples": 1832,
        "f1_score": 0.7210568741603225,
        "precision": 0.7234060447033156,
        "recall": 0.7216157205240175,
        "accuracy": 0.7216157205240175,
        "roc_auc": 0.7216157205240176,
        "fpr": 0.3231441048034934,
        "tpr": 0.7663755458515283,
        "f1_human": 0.7085714285714285,
        "f1_ai": 0.7335423197492164,
        "f1_score_median": 0.7150655021834061,
        "precision_median": 0.7150655021834061,
        "recall_median": 0.7150655021834061,
        "accuracy_median": 0.7150655021834061,
        "roc_auc_median": 0.715065502183406,
        "fpr_median": 0.2849344978165939,
        "tpr_median": 0.7150655021834061,
        "f1_human_median": 0.7150655021834061,
        "f1_ai_median": 0.7150655021834061,
        "threshold_median": 0.5275317294332613,
        "f1_score_mean": 0.7186509871280471,
        "precision_mean": 0.7196217146369434,
        "recall_mean": 0.7188864628820961,
        "accuracy_mean": 0.7188864628820961,
        "roc_auc_mean": 0.7188864628820961,
        "fpr_mean": 0.31004366812227074,
        "tpr_mean": 0.7478165938864629,
        "f1_human_mean": 0.7105115233277122,
        "f1_ai_mean": 0.726790450928382,
        "threshold_mean": 0.5103201810278845,
        "f1_score_fpr": 0.5383064516129032,
        "precision_fpr": 0.6923120968049776,
        "recall_fpr": 0.5960698689956332,
        "accuracy_fpr": 0.5960698689956332,
        "roc_auc_fpr": 0.5960698689956332,
        "fpr_fpr": 0.05021834061135371,
        "tpr_fpr": 0.2423580786026201,
        "f1_human_fpr": 0.7016129032258065,
        "f1_ai_fpr": 0.375,
        "threshold_fpr": 0.7662554248335172,
        "n_samples_human": 916,
        "n_samples_ai": 916
    },
    "student_essays": {
        "n_samples": 14496,
        "f1_score": 0.5874394181363203,
        "precision": 0.6859500291391151,
        "recall": 0.6225855408388521,
        "accuracy": 0.6225855408388521,
        "roc_auc": 0.6225855408388521,
        "fpr": 0.6692880794701986,
        "tpr": 0.9144591611479028,
        "f1_human": 0.4670238675109596,
        "f1_ai": 0.707854968761681,
        "f1_score_median": 0.7207505518763797,
        "precision_median": 0.7207505518763797,
        "recall_median": 0.7207505518763797,
        "accuracy_median": 0.7207505518763797,
        "roc_auc_median": 0.7207505518763797,
        "fpr_median": 0.2792494481236203,
        "tpr_median": 0.7207505518763797,
        "f1_human_median": 0.7207505518763797,
        "f1_ai_median": 0.7207505518763797,
        "threshold_median": 0.7844050895766583,
        "f1_score_mean": 0.6978614341936957,
        "precision_mean": 0.7089829806904772,
        "recall_mean": 0.7008140176600441,
        "accuracy_mean": 0.7008140176600441,
        "roc_auc_mean": 0.7008140176600441,
        "fpr_mean": 0.3980408388520971,
        "tpr_mean": 0.7996688741721855,
        "f1_human_mean": 0.6679935696241293,
        "f1_ai_mean": 0.727729298763262,
        "threshold_mean": 0.7087885051386149,
        "f1_score_fpr": 0.5635776601127455,
        "precision_fpr": 0.7065552208143606,
        "recall_fpr": 0.6129966887417219,
        "accuracy_fpr": 0.6129966887417219,
        "roc_auc_fpr": 0.612996688741722,
        "fpr_fpr": 0.050496688741721855,
        "tpr_fpr": 0.2764900662251656,
        "f1_human_fpr": 0.7104366676989781,
        "f1_ai_fpr": 0.4167186525265128,
        "threshold_fpr": 0.9283908691719309,
        "n_samples_human": 7248,
        "n_samples_ai": 7248
    },
    "cnn_news": {
        "n_samples": 4726,
        "f1_score": 0.85562727759583,
        "precision": 0.8563300703706952,
        "recall": 0.8556919170545916,
        "accuracy": 0.8556919170545916,
        "roc_auc": 0.8556919170545917,
        "fpr": 0.12314853999153619,
        "tpr": 0.8345323741007195,
        "f1_human": 0.8586821384169084,
        "f1_ai": 0.8525724167747514,
        "f1_score_median": 0.8599238256453661,
        "precision_median": 0.8599238256453661,
        "recall_median": 0.8599238256453661,
        "accuracy_median": 0.8599238256453661,
        "roc_auc_median": 0.8599238256453661,
        "fpr_median": 0.14007617435463393,
        "tpr_median": 0.8599238256453661,
        "f1_human_median": 0.8599238256453661,
        "f1_ai_median": 0.8599238256453661,
        "threshold_median": 0.4840378455256365,
        "f1_score_mean": 0.8606947389093641,
        "precision_mean": 0.8615536924393749,
        "recall_mean": 0.860770207363521,
        "accuracy_mean": 0.860770207363521,
        "roc_auc_mean": 0.860770207363521,
        "fpr_mean": 0.16250528988573848,
        "tpr_mean": 0.8840457046127803,
        "f1_human_mean": 0.8574523396880416,
        "f1_ai_mean": 0.8639371381306865,
        "threshold_mean": 0.466063773958332,
        "f1_score_fpr": 0.7548593693309987,
        "precision_fpr": 0.8063039622781771,
        "recall_fpr": 0.7634363097757089,
        "accuracy_fpr": 0.7634363097757089,
        "roc_auc_fpr": 0.7634363097757089,
        "fpr_fpr": 0.04951333051206094,
        "tpr_fpr": 0.5763859500634786,
        "f1_human_fpr": 0.8007130124777183,
        "f1_ai_fpr": 0.709005726184279,
        "threshold_fpr": 0.6126472330255517,
        "n_samples_human": 2363,
        "n_samples_ai": 2363
    },
    "euro_court_cases": {
        "n_samples": 1506,
        "f1_score": 0.5024063590651724,
        "precision": 0.6205908409431647,
        "recall": 0.5624169986719787,
        "accuracy": 0.5624169986719787,
        "roc_auc": 0.5624169986719787,
        "fpr": 0.0903054448871182,
        "tpr": 0.2151394422310757,
        "f1_human": 0.6752094627895515,
        "f1_ai": 0.3296032553407935,
        "f1_score_median": 0.5405046480743692,
        "precision_median": 0.5405046480743692,
        "recall_median": 0.5405046480743692,
        "accuracy_median": 0.5405046480743692,
        "roc_auc_median": 0.5405046480743692,
        "fpr_median": 0.4594953519256308,
        "tpr_median": 0.5405046480743692,
        "f1_human_median": 0.5405046480743692,
        "f1_ai_median": 0.5405046480743692,
        "threshold_median": 0.3697394670177392,
        "f1_score_mean": 0.5403123317273395,
        "precision_mean": 0.5414777250241656,
        "recall_mean": 0.5411686586985391,
        "accuracy_mean": 0.5411686586985391,
        "roc_auc_mean": 0.5411686586985391,
        "fpr_mean": 0.4156706507304117,
        "tpr_mean": 0.49800796812749004,
        "f1_human_mean": 0.5601527689369828,
        "f1_ai_mean": 0.520471894517696,
        "threshold_mean": 0.38117224443601483,
        "f1_score_fpr": 0.48854960251310287,
        "precision_fpr": 0.6583654584166273,
        "recall_fpr": 0.5644090305444888,
        "accuracy_fpr": 0.5644090305444888,
        "roc_auc_fpr": 0.5644090305444888,
        "fpr_fpr": 0.05046480743691899,
        "tpr_fpr": 0.17928286852589642,
        "f1_human_fpr": 0.6855225311601151,
        "f1_ai_fpr": 0.2915766738660907,
        "threshold_fpr": 0.5293766169814207,
        "n_samples_human": 753,
        "n_samples_ai": 753
    },
    "house_of_commons": {
        "n_samples": 2386,
        "f1_score": 0.6852260997645641,
        "precision": 0.7221601489757914,
        "recall": 0.6948868398994132,
        "accuracy": 0.6948868398994132,
        "roc_auc": 0.6948868398994132,
        "fpr": 0.48030176026823135,
        "tpr": 0.8700754400670578,
        "f1_human": 0.6300813008130082,
        "f1_ai": 0.7403708987161198,
        "f1_score_median": 0.7158424140821459,
        "precision_median": 0.7158424140821459,
        "recall_median": 0.7158424140821459,
        "accuracy_median": 0.7158424140821459,
        "roc_auc_median": 0.7158424140821458,
        "fpr_median": 0.28415758591785417,
        "tpr_median": 0.7158424140821459,
        "f1_human_median": 0.7158424140821459,
        "f1_ai_median": 0.7158424140821459,
        "threshold_median": 0.6486984216630203,