{
    "blog_authorship_corpus": {
        "n_samples": 1832,
        "f1_score": 0.6933752247943061,
        "precision": 0.819609211444522,
        "recall": 0.7177947598253275,
        "accuracy": 0.7177947598253275,
        "roc_auc": 0.7177947598253276,
        "fpr": 0.5644104803493449,
        "tpr": 1.0,
        "f1_human": 0.6068441064638783,
        "f1_ai": 0.779906343124734,
        "f1_score_median": 0.9181222707423581,
        "precision_median": 0.9181222707423581,
        "recall_median": 0.9181222707423581,
        "accuracy_median": 0.9181222707423581,
        "roc_auc_median": 0.9181222707423582,
        "fpr_median": 0.08187772925764192,
        "tpr_median": 0.9181222707423581,
        "f1_human_median": 0.9181222707423581,
        "f1_ai_median": 0.9181222707423581,
        "threshold_median": 0.9696615284750048,
        "f1_score_mean": 0.7518669198311173,
        "precision_mean": 0.8384956963411296,
        "recall_mean": 0.7652838427947598,
        "accuracy_mean": 0.7652838427947598,
        "roc_auc_mean": 0.7652838427947599,
        "fpr_mean": 0.4672489082969432,
        "tpr_mean": 0.9978165938864629,
        "f1_human_mean": 0.6941678520625889,
        "f1_ai_mean": 0.8095659875996457,
        "threshold_mean": 0.7611201265381702,
        "f1_score_fpr": 0.9163920211257082,
        "precision_fpr": 0.9183399474462342,
        "recall_fpr": 0.9164847161572053,
        "accuracy_fpr": 0.9164847161572053,
        "roc_auc_fpr": 0.9164847161572053,
        "fpr_fpr": 0.05021834061135371,
        "tpr_fpr": 0.8831877729257642,
        "f1_human_fpr": 0.919175911251981,
        "f1_ai_fpr": 0.9136081309994354,
        "threshold_fpr": 0.9744359374196006,
        "n_samples_human": 916,
        "n_samples_ai": 916
    },
    "student_essays": {
        "n_samples": 14496,
        "f1_score": 0.8646026696117495,
        "precision": 0.8949433304272014,
        "recall": 0.8669977924944813,
        "accuracy": 0.8669977924944813,
        "roc_auc": 0.8669977924944812,
        "fpr": 0.26600441501103755,
        "tpr": 1.0,
        "f1_human": 0.8465945257797581,
        "f1_ai": 0.8826108134437408,
        "f1_score_median": 0.9844094922737306,
        "precision_median": 0.9844094922737306,
        "recall_median": 0.9844094922737306,
        "accuracy_median": 0.9844094922737306,
        "roc_auc_median": 0.9844094922737305,
        "fpr_median": 0.015590507726269315,
        "tpr_median": 0.9844094922737306,
        "f1_human_median": 0.9844094922737306,
        "f1_ai_median": 0.9844094922737306,
        "threshold_median": 0.9864489332991623,
        "f1_score_mean": 0.8772115813359864,
        "precision_mean": 0.9024631479078129,
        "recall_mean": 0.8790011037527594,
        "accuracy_mean": 0.8790011037527594,
        "roc_auc_mean": 0.8790011037527593,
        "fpr_mean": 0.24172185430463577,
        "tpr_mean": 0.9997240618101545,
        "f1_human_mean": 0.8623882002196768,
        "f1_ai_mean": 0.892034962452296,
        "threshold_mean": 0.6333779325960367,
        "f1_score_fpr": 0.9734951807627507,
        "precision_fpr": 0.9745665394930684,
        "recall_fpr": 0.9735099337748344,
        "accuracy_fpr": 0.9735099337748344,
        "roc_auc_fpr": 0.9735099337748345,
        "fpr_fpr": 0.05008278145695364,
        "tpr_fpr": 0.9971026490066225,
        "f1_human_fpr": 0.9728698601102161,
        "f1_ai_fpr": 0.9741205014152851,
        "threshold_fpr": 0.9788768652777504,
        "n_samples_human": 7248,
        "n_samples_ai": 7248
    },
    "cnn_news": {
        "n_samples": 4726,
        "f1_score": 0.9993652134555944,
        "precision": 0.9993660185967879,
        "recall": 0.9993652137113839,
        "accuracy": 0.9993652137113839,
        "roc_auc": 0.9993652137113838,
        "fpr": 0.0012695725772323319,
        "tpr": 1.0,
        "f1_human": 0.9993648105017997,
        "f1_ai": 0.9993656164093889,
        "f1_score_median": 0.9997884045609876,
        "precision_median": 0.9997884940778343,
        "recall_median": 0.9997884045704613,
        "accuracy_median": 0.9997884045704613,
        "roc_auc_median": 0.9997884045704613,
        "fpr_median": 0.00042319085907744394,
        "tpr_median": 1.0,
        "f1_human_median": 0.9997883597883598,
        "f1_ai_median": 0.9997884493336154,
        "threshold_median": 0.9699496473639815,
        "f1_score_mean": 0.9993652134555944,
        "precision_mean": 0.9993660185967879,
        "recall_mean": 0.9993652137113839,
        "accuracy_mean": 0.9993652137113839,
        "roc_auc_mean": 0.9993652137113838,
        "fpr_mean": 0.0012695725772323319,
        "tpr_mean": 1.0,
        "f1_human_mean": 0.9993648105017997,
        "f1_ai_mean": 0.9993656164093889,
        "threshold_mean": 0.5003523230598593,
        "f1_score_fpr": 0.9750161640402789,
        "precision_fpr": 0.9762192664248287,
        "recall_fpr": 0.9750317393144308,
        "accuracy_fpr": 0.9750317393144308,
        "roc_auc_fpr": 0.9750317393144309,
        "fpr_fpr": 0.04993652137113838,
        "tpr_fpr": 1.0,
        "f1_human_fpr": 0.9743923611111112,
        "f1_ai_fpr": 0.9756399669694468,
        "threshold_fpr": 0.010534303654527788,
        "n_samples_human": 2363,
        "n_samples_ai": 2363
    },
    "euro_court_cases": {
        "n_samples": 1506,
        "f1_score": 0.7232343513415834,
        "precision": 0.8296847635726795,
        "recall": 0.7416998671978752,
        "accuracy": 0.7416998671978752,
        "roc_auc": 0.7416998671978752,
        "fpr": 0.5166002656042497,
        "tpr": 1.0,
        "f1_human": 0.6517457475380484,
        "f1_ai": 0.7947229551451187,
        "f1_score_median": 0.9641434262948207,
        "precision_median": 0.9641434262948207,
        "recall_median": 0.9641434262948207,
        "accuracy_median": 0.9641434262948207,
        "roc_auc_median": 0.9641434262948207,
        "fpr_median": 0.035856573705179286,
        "tpr_median": 0.9641434262948207,
        "f1_human_median": 0.9641434262948207,
        "f1_ai_median": 0.9641434262948207,
        "threshold_median": 0.9837859892041452,
        "f1_score_mean": 0.7940613941058136,
        "precision_mean": 0.8582302568981922,
        "recall_mean": 0.8021248339973439,
        "accuracy_mean": 0.8021248339973439,
        "roc_auc_mean": 0.8021248339973439,
        "fpr_mean": 0.39575033200531207,
        "tpr_mean": 1.0,
        "f1_human_mean": 0.7533112582781457,
        "f1_ai_mean": 0.8348115299334812,
        "threshold_mean": 0.7543172261096628,
        "f1_score_fpr": 0.958164213333498,
        "precision_fpr": 0.9583039305624161,
        "recall_fpr": 0.9581673306772909,
        "accuracy_fpr": 0.9581673306772909,
        "roc_auc_fpr": 0.958167330677291,
        "fpr_fpr": 0.05046480743691899,
        "tpr_fpr": 0.9667994687915007,
        "f1_human_fpr": 0.9578030810448761,
        "f1_ai_fpr": 0.9585253456221198,
        "threshold_fpr": 0.981330970894573,
        "n_samples_human": 753,
        "n_samples_ai": 753
    },
    "house_of_commons": {
        "n_samples": 2386,
        "f1_score": 0.91986064442408,
        "precision": 0.9313087490961678,
        "recall": 0.9203688181056161,
        "accuracy": 0.9203688181056161,
        "roc_auc": 0.9203688181056161,
        "fpr": 0.15926236378876782,
        "tpr": 1.0,
        "f1_human": 0.9134790528233151,
        "f1_ai": 0.9262422360248447,
        "f1_score_median": 0.9731768650461022,
        "precision_median": 0.9731768650461022,
        "recall_median": 0.9731768650461022,
        "accuracy_median": 0.9731768650461022,
        "roc_auc_median": 0.9731768650461022,
        "fpr_median": 0.026823134953897737,
        "tpr_median": 0.9731768650461022,
        "f1_human_median": 0.9731768650461022,
        "f1_ai_median": 0.9731768650461022,
        "threshold_median": 0.9753987361863982,
        "f1_score_mean": 0.9219954297496752,
        "precision_mean": 0.9328737300435413,