{
    "blog_authorship_corpus": {
        "n_samples": 1832,
        "f1_score": 0.7319746177025498,
        "precision": 0.8287701921757143,
        "recall": 0.7483624454148472,
        "accuracy": 0.7483624454148472,
        "roc_auc": 0.7483624454148472,
        "fpr": 0.49890829694323147,
        "tpr": 0.9956331877729258,
        "f1_human": 0.6656997824510514,
        "f1_ai": 0.7982494529540481,
        "f1_score_median": 0.8286026200873362,
        "precision_median": 0.8286026200873362,
        "recall_median": 0.8286026200873362,
        "accuracy_median": 0.8286026200873362,
        "roc_auc_median": 0.8286026200873362,
        "fpr_median": 0.17139737991266377,
        "tpr_median": 0.8286026200873362,
        "f1_human_median": 0.8286026200873362,
        "f1_ai_median": 0.8286026200873362,
        "threshold_median": 0.7867192125769784,
        "f1_score_mean": 0.8089031721243767,
        "precision_mean": 0.8263853812955397,
        "recall_mean": 0.8111353711790393,
        "accuracy_mean": 0.8111353711790393,
        "roc_auc_mean": 0.8111353711790393,
        "fpr_mean": 0.29694323144104806,
        "tpr_mean": 0.9192139737991266,
        "f1_human_mean": 0.7882496940024479,
        "f1_ai_mean": 0.8295566502463054,
        "threshold_mean": 0.6762537522565485,
        "f1_score_fpr": 0.8295076577970297,
        "precision_fpr": 0.8514184755174156,
        "recall_fpr": 0.8318777292576419,
        "accuracy_fpr": 0.8318777292576419,
        "roc_auc_fpr": 0.8318777292576419,
        "fpr_fpr": 0.05021834061135371,
        "tpr_fpr": 0.7139737991266376,
        "f1_human_fpr": 0.849609375,
        "f1_ai_fpr": 0.8094059405940595,
        "threshold_fpr": 0.8986857866420379,
        "n_samples_human": 916,
        "n_samples_ai": 916
    },
    "student_essays": {
        "n_samples": 14496,
        "f1_score": 0.925791231133404,
        "precision": 0.9354652630579837,
        "recall": 0.9261865342163356,
        "accuracy": 0.9261865342163356,
        "roc_auc": 0.9261865342163356,
        "fpr": 0.1467991169977925,
        "tpr": 0.9991721854304636,
        "f1_human": 0.9203750558118767,
        "f1_ai": 0.9312074064549312,
        "f1_score_median": 0.9770971302428256,
        "precision_median": 0.9770971302428256,
        "recall_median": 0.9770971302428256,
        "accuracy_median": 0.9770971302428256,
        "roc_auc_median": 0.9770971302428256,
        "fpr_median": 0.022902869757174392,
        "tpr_median": 0.9770971302428256,
        "f1_human_median": 0.9770971302428256,
        "f1_ai_median": 0.9770971302428256,
        "threshold_median": 0.9516149899369045,
        "f1_score_mean": 0.9343323646476339,
        "precision_mean": 0.9418776245628777,
        "recall_mean": 0.9346026490066225,
        "accuracy_mean": 0.9346026490066225,
        "roc_auc_mean": 0.9346026490066226,
        "fpr_mean": 0.12955298013245034,
        "tpr_mean": 0.9987582781456954,
        "f1_human_mean": 0.9301194161875277,
        "f1_ai_mean": 0.9385453131077401,
        "threshold_mean": 0.5807907420599708,
        "f1_score_fpr": 0.9730128006331418,
        "precision_fpr": 0.9740276310138287,
        "recall_fpr": 0.9730270419426048,
        "accuracy_fpr": 0.9730270419426048,
        "roc_auc_fpr": 0.9730270419426049,
        "fpr_fpr": 0.0499448123620309,
        "tpr_fpr": 0.9959988962472406,
        "f1_human_fpr": 0.9723928546211961,
        "f1_ai_fpr": 0.9736327466450874,
        "threshold_fpr": 0.8998485862002931,
        "n_samples_human": 7248,
        "n_samples_ai": 7248
    },
    "cnn_news": {
        "n_samples": 4726,
        "f1_score": 0.9663191565091963,
        "precision": 0.9684241390723712,
        "recall": 0.9663563267033433,
        "accuracy": 0.9663563267033433,
        "roc_auc": 0.9663563267033433,
        "fpr": 0.06686415573423614,
        "tpr": 0.9995768091409225,
        "f1_human": 0.9652002626395273,
        "f1_ai": 0.9674380503788654,
        "f1_score_median": 0.9919593736775285,
        "precision_median": 0.9919593736775285,
        "recall_median": 0.9919593736775285,
        "accuracy_median": 0.9919593736775285,
        "roc_auc_median": 0.9919593736775285,
        "fpr_median": 0.008040626322471435,
        "tpr_median": 0.9919593736775285,
        "f1_human_median": 0.9919593736775285,
        "f1_ai_median": 0.9919593736775285,
        "threshold_median": 0.9008295031742637,
        "f1_score_mean": 0.970139951919464,
        "precision_mean": 0.9717507637017071,
        "recall_mean": 0.9701650444350403,
        "accuracy_mean": 0.9701650444350403,
        "roc_auc_mean": 0.9701650444350401,
        "fpr_mean": 0.058823529411764705,
        "tpr_mean": 0.9991536182818451,
        "f1_human_mean": 0.9692743517106124,
        "f1_ai_mean": 0.9710055521283159,
        "threshold_mean": 0.5492787875976729,
        "f1_score_fpr": 0.9743812514876428,
        "precision_fpr": 0.9755628285410621,
        "recall_fpr": 0.9743969530258146,
        "accuracy_fpr": 0.9743969530258146,
        "roc_auc_fpr": 0.9743969530258146,
        "fpr_fpr": 0.050359712230215826,
        "tpr_fpr": 0.9991536182818451,
        "f1_human_fpr": 0.9737470167064439,
        "f1_ai_fpr": 0.9750154862688416,
        "threshold_fpr": 0.5860124751146272,
        "n_samples_human": 2363,
        "n_samples_ai": 2363
    },
    "euro_court_cases": {
        "n_samples": 1506,
        "f1_score": 0.561324745819135,
        "precision": 0.7852272727272728,
        "recall": 0.6235059760956175,
        "accuracy": 0.6235059760956175,
        "roc_auc": 0.6235059760956175,
        "fpr": 0.7529880478087649,
        "tpr": 1.0,
        "f1_human": 0.3961661341853035,
        "f1_ai": 0.7264833574529667,
        "f1_score_median": 0.9362549800796812,
        "precision_median": 0.9362549800796812,
        "recall_median": 0.9362549800796812,
        "accuracy_median": 0.9362549800796812,
        "roc_auc_median": 0.9362549800796813,
        "fpr_median": 0.06374501992031872,
        "tpr_median": 0.9362549800796812,
        "f1_human_median": 0.9362549800796812,
        "f1_ai_median": 0.9362549800796812,
        "threshold_median": 0.9605944366373634,
        "f1_score_mean": 0.7233693207377417,
        "precision_mean": 0.8138565025528052,
        "recall_mean": 0.7397078353253652,
        "accuracy_mean": 0.7397078353253652,
        "roc_auc_mean": 0.7397078353253652,
        "fpr_mean": 0.5033200531208499,
        "tpr_mean": 0.9827357237715804,
        "f1_human_mean": 0.656140350877193,
        "f1_ai_mean": 0.7905982905982906,
        "threshold_mean": 0.830763349015134,
        "f1_score_fpr": 0.9422279935535504,
        "precision_fpr": 0.9423254681700794,
        "recall_fpr": 0.9422310756972112,
        "accuracy_fpr": 0.9422310756972112,
        "roc_auc_fpr": 0.9422310756972112,
        "fpr_fpr": 0.05046480743691899,
        "tpr_fpr": 0.9349269588313412,
        "f1_human_fpr": 0.942649967040211,
        "f1_ai_fpr": 0.9418060200668896,
        "threshold_fpr": 0.961983795393154,
        "n_samples_human": 753,
        "n_samples_ai": 753
    },
    "house_of_commons": {
        "n_samples": 2386,
        "f1_score": 0.9609633261305124,
        "precision": 0.963841368584759,
        "recall": 0.9610226320201174,
        "accuracy": 0.9610226320201174,
        "roc_auc": 0.9610226320201173,
        "fpr": 0.07795473595976529,
        "tpr": 1.0,
        "f1_human": 0.9594417793283908,
        "f1_ai": 0.9624848729326341,
        "f1_score_median": 0.9832352461734766,
        "precision_median": 0.9832694960260661,
        "recall_median": 0.9832355406538139,
        "accuracy_median": 0.9832355406538139,
        "roc_auc_median": 0.9832355406538139,
        "fpr_median": 0.020955574182732608,
        "tpr_median": 0.9874266554903605,
        "f1_human_median": 0.9831649831649831,
        "f1_ai_median": 0.9833055091819699,
        "threshold_median": 0.8484574805390478,