{
    "blog_authorship_corpus": {
        "n_samples": 1832,
        "f1_score": 0.9918119318745581,
        "precision": 0.9918831613891422,
        "recall": 0.9918122270742358,
        "accuracy": 0.9918122270742358,
        "roc_auc": 0.9918122270742359,
        "fpr": 0.014192139737991267,
        "tpr": 0.9978165938864629,
        "f1_human": 0.9917627677100495,
        "f1_ai": 0.9918610960390667,
        "f1_score_median": 0.9967248908296943,
        "precision_median": 0.9967248908296943,
        "recall_median": 0.9967248908296943,
        "accuracy_median": 0.9967248908296943,
        "roc_auc_median": 0.9967248908296944,
        "fpr_median": 0.0032751091703056767,
        "tpr_median": 0.9967248908296943,
        "f1_human_median": 0.9967248908296943,
        "f1_ai_median": 0.9967248908296943,
        "threshold_median": 0.9413426048458305,
        "f1_score_mean": 0.9918119318745581,
        "precision_mean": 0.9918831613891422,
        "recall_mean": 0.9918122270742358,
        "accuracy_mean": 0.9918122270742358,
        "roc_auc_mean": 0.9918122270742359,
        "fpr_mean": 0.014192139737991267,
        "tpr_mean": 0.9978165938864629,
        "f1_human_mean": 0.9917627677100495,
        "f1_ai_mean": 0.9918610960390667,
        "threshold_mean": 0.5090927276007602,
        "f1_score_fpr": 0.9748749891178222,
        "precision_fpr": 0.9760914760914762,
        "recall_fpr": 0.9748908296943232,
        "accuracy_fpr": 0.9748908296943232,
        "roc_auc_fpr": 0.9748908296943232,
        "fpr_fpr": 0.05021834061135371,
        "tpr_fpr": 1.0,
        "f1_human_fpr": 0.9742441209406495,
        "f1_ai_fpr": 0.9755058572949947,
        "threshold_fpr": 0.053100837974229265,
        "n_samples_human": 916,
        "n_samples_ai": 916
    },
    "student_essays": {
        "n_samples": 14496,
        "f1_score": 0.9991721848631809,
        "precision": 0.9991735537190083,
        "recall": 0.9991721854304636,
        "accuracy": 0.9991721854304636,
        "roc_auc": 0.9991721854304636,
        "fpr": 0.0016556291390728477,
        "tpr": 1.0,
        "f1_human": 0.9991714995857498,
        "f1_ai": 0.9991728701406121,
        "f1_score_median": 1.0,
        "precision_median": 1.0,
        "recall_median": 1.0,
        "accuracy_median": 1.0,
        "roc_auc_median": 1.0,
        "fpr_median": 0.0,
        "tpr_median": 1.0,
        "f1_human_median": 1.0,
        "f1_ai_median": 1.0,
        "threshold_median": 0.9870958313187744,
        "f1_score_mean": 0.9991721848631809,
        "precision_mean": 0.9991735537190083,
        "recall_mean": 0.9991721854304636,
        "accuracy_mean": 0.9991721854304636,
        "roc_auc_mean": 0.9991721854304636,
        "fpr_mean": 0.0016556291390728477,
        "tpr_mean": 1.0,
        "f1_human_mean": 0.9991714995857498,
        "f1_ai_mean": 0.9991728701406121,
        "threshold_mean": 0.5008227377406195,
        "f1_score_fpr": 0.9752193488030662,
        "precision_fpr": 0.9764033127382674,
        "recall_fpr": 0.9752345474613686,
        "accuracy_fpr": 0.9752345474613686,
        "roc_auc_fpr": 0.9752345474613687,
        "fpr_fpr": 0.049530905077262696,
        "tpr_fpr": 1.0,
        "f1_human_fpr": 0.9746056447619721,
        "f1_ai_fpr": 0.9758330528441602,
        "threshold_fpr": 0.00494426996777797,
        "n_samples_human": 7248,
        "n_samples_ai": 7248
    },
    "cnn_news": {
        "n_samples": 4726,
        "f1_score": 0.9989420216680946,
        "precision": 0.9989442567567568,
        "recall": 0.9989420228523064,
        "accuracy": 0.9989420228523064,
        "roc_auc": 0.9989420228523064,
        "fpr": 0.0021159542953872196,
        "tpr": 1.0,
        "f1_human": 0.9989409023511968,
        "f1_ai": 0.9989431409849926,
        "f1_score_median": 1.0,
        "precision_median": 1.0,
        "recall_median": 1.0,
        "accuracy_median": 1.0,
        "roc_auc_median": 1.0,
        "fpr_median": 0.0,
        "tpr_median": 1.0,
        "f1_human_median": 1.0,
        "f1_ai_median": 1.0,
        "threshold_median": 0.987059076241758,
        "f1_score_mean": 0.9989420216680946,
        "precision_mean": 0.9989442567567568,
        "recall_mean": 0.9989420228523064,
        "accuracy_mean": 0.9989420228523064,
        "roc_auc_mean": 0.9989420228523064,
        "fpr_mean": 0.0021159542953872196,
        "tpr_mean": 1.0,
        "f1_human_mean": 0.9989409023511968,
        "f1_ai_mean": 0.9989431409849926,
        "threshold_mean": 0.5016897451158155,
        "f1_score_fpr": 0.9750161640402789,
        "precision_fpr": 0.9762192664248287,
        "recall_fpr": 0.9750317393144308,
        "accuracy_fpr": 0.9750317393144308,
        "roc_auc_fpr": 0.9750317393144309,
        "fpr_fpr": 0.04993652137113838,
        "tpr_fpr": 1.0,
        "f1_human_fpr": 0.9743923611111112,
        "f1_ai_fpr": 0.9756399669694468,
        "threshold_fpr": 0.007675365344897045,
        "n_samples_human": 2363,
        "n_samples_ai": 2363
    },
    "euro_court_cases": {
        "n_samples": 1506,
        "f1_score": 1.0,
        "precision": 1.0,
        "recall": 1.0,
        "accuracy": 1.0,
        "roc_auc": 1.0,
        "fpr": 0.0,
        "tpr": 1.0,
        "f1_human": 1.0,
        "f1_ai": 1.0,
        "f1_score_median": 1.0,
        "precision_median": 1.0,
        "recall_median": 1.0,
        "accuracy_median": 1.0,
        "roc_auc_median": 1.0,
        "fpr_median": 0.0,
        "tpr_median": 1.0,
        "f1_human_median": 1.0,
        "f1_ai_median": 1.0,
        "threshold_median": 0.5123832120130933,
        "f1_score_mean": 1.0,
        "precision_mean": 1.0,
        "recall_mean": 1.0,
        "accuracy_mean": 1.0,
        "roc_auc_mean": 1.0,
        "fpr_mean": 0.0,
        "tpr_mean": 1.0,
        "f1_human_mean": 1.0,
        "f1_ai_mean": 1.0,
        "threshold_mean": 0.5005278392492802,
        "f1_score_fpr": 0.9747515212265816,
        "precision_fpr": 0.9759797724399495,
        "recall_fpr": 0.9747675962815405,
        "accuracy_fpr": 0.9747675962815405,
        "roc_auc_fpr": 0.9747675962815405,
        "fpr_fpr": 0.05046480743691899,
        "tpr_fpr": 1.0,
        "f1_human_fpr": 0.9741144414168937,
        "f1_ai_fpr": 0.9753886010362695,
        "threshold_fpr": 0.008053469345759179,
        "n_samples_human": 753,
        "n_samples_ai": 753
    },
    "house_of_commons": {
        "n_samples": 2386,
        "f1_score": 0.9987426635613255,
        "precision": 0.9987458193979931,
        "recall": 0.998742665549036,
        "accuracy": 0.998742665549036,
        "roc_auc": 0.9987426655490361,
        "fpr": 0.002514668901927913,
        "tpr": 1.0,
        "f1_human": 0.9987410826689047,
        "f1_ai": 0.9987442444537463,
        "f1_score_median": 1.0,
        "precision_median": 1.0,
        "recall_median": 1.0,
        "accuracy_median": 1.0,
        "roc_auc_median": 1.0,
        "fpr_median": 0.0,
        "tpr_median": 1.0,
        "f1_human_median": 1.0,
        "f1_ai_median": 1.0,
        "threshold_median": 0.8353191416803896,
        "f1_score_mean": 0.9987426635613255,
        "precision_mean": 0.9987458193979931,
        "recall_mean": 0.998742665549036,
        "accuracy_mean": 0.998742665549036,
        "roc_auc_mean": 0.9987426655490361,
        "fpr_mean": 0.002514668901927913,
        "tpr_mean": 1.0,
        "f1_human_mean": 0.9987410826689047,
        "f1_ai_mean": 0.9987442444537463,
        "threshold_mean": 0.5013858131500369,
        "f1_score_fpr": 0.9748373992599565,
        "precision_fpr": 0.9760574620909817,
        "recall_fpr": 0.9748533109807209,
        "accuracy_fpr": 0.9748533109807209,
        "roc_auc_fpr": 0.9748533109807208,
        "fpr_fpr": 0.050293378038558254,
        "tpr_fpr": 1.0,
        "f1_human_fpr": 0.9742046431642304,
        "f1_ai_fpr": 0.9754701553556827,
        "threshold_fpr": 0.008465919577158754,
        "n_samples_human": 1193,
        "n_samples_ai": 1193
    },