{
    "blog_authorship_corpus": {
        "n_samples": 1832,
        "f1_score": 0.4073547569904819,
        "precision": 0.751484265074299,
        "recall": 0.5349344978165939,
        "accuracy": 0.5349344978165939,
        "roc_auc": 0.534934497816594,
        "fpr": 0.9290393013100436,
        "tpr": 0.9989082969432315,
        "f1_human": 0.13238289205702647,
        "f1_ai": 0.6823266219239373,
        "f1_score_median": 0.6320960698689956,
        "precision_median": 0.6320960698689956,
        "recall_median": 0.6320960698689956,
        "accuracy_median": 0.6320960698689956,
        "roc_auc_median": 0.6320960698689957,
        "fpr_median": 0.36790393013100436,
        "tpr_median": 0.6320960698689956,
        "f1_human_median": 0.6320960698689956,
        "f1_ai_median": 0.6320960698689956,
        "threshold_median": 0.9450559601950246,
        "f1_score_mean": 0.5878919600136706,
        "precision_mean": 0.7313633479175712,
        "recall_mean": 0.6320960698689956,
        "accuracy_mean": 0.6320960698689956,
        "roc_auc_mean": 0.6320960698689957,
        "fpr_mean": 0.6954148471615721,
        "tpr_mean": 0.9596069868995634,
        "f1_human_mean": 0.45292207792207795,
        "f1_ai_mean": 0.7228618421052632,
        "threshold_mean": 0.8994756837406633,
        "f1_score_fpr": 0.3753318361225723,
        "precision_fpr": 0.5056068359327179,
        "recall_fpr": 0.5010917030567685,
        "accuracy_fpr": 0.5010917030567685,
        "roc_auc_fpr": 0.5010917030567685,
        "fpr_fpr": 0.05021834061135371,
        "tpr_fpr": 0.05240174672489083,
        "f1_human_fpr": 0.6556141672946496,
        "f1_ai_fpr": 0.09504950495049505,
        "threshold_fpr": 0.9645380198682847,
        "n_samples_human": 916,
        "n_samples_ai": 916
    },
    "student_essays": {
        "n_samples": 14496,
        "f1_score": 0.7283339691829088,
        "precision": 0.8313785425942584,
        "recall": 0.7458609271523179,
        "accuracy": 0.7458609271523179,
        "roc_auc": 0.745860927152318,
        "fpr": 0.5081401766004415,
        "tpr": 0.9998620309050773,
        "f1_human": 0.6593304975032366,
        "f1_ai": 0.7973374408625812,
        "f1_score_median": 0.9082505518763797,
        "precision_median": 0.9082505518763797,
        "recall_median": 0.9082505518763797,
        "accuracy_median": 0.9082505518763797,
        "roc_auc_median": 0.9082505518763797,
        "fpr_median": 0.0917494481236203,
        "tpr_median": 0.9082505518763797,
        "f1_human_median": 0.9082505518763797,
        "f1_ai_median": 0.9082505518763797,
        "threshold_median": 0.9462565341670032,
        "f1_score_mean": 0.8183751316068443,
        "precision_mean": 0.8693055738321922,
        "recall_mean": 0.8239514348785872,
        "accuracy_mean": 0.8239514348785872,
        "roc_auc_mean": 0.8239514348785872,
        "fpr_mean": 0.3512693156732892,
        "tpr_mean": 0.9991721854304636,
        "f1_human_mean": 0.7865506858481097,
        "f1_ai_mean": 0.8501995773655788,
        "threshold_mean": 0.7435936996579124,
        "f1_score_fpr": 0.7985411035096054,
        "precision_fpr": 0.8316913279441273,
        "recall_fpr": 0.8029111479028698,
        "accuracy_fpr": 0.8029111479028698,
        "roc_auc_fpr": 0.8029111479028698,
        "fpr_fpr": 0.049806843267108165,
        "tpr_fpr": 0.6556291390728477,
        "f1_human_fpr": 0.8282123744813902,
        "f1_ai_fpr": 0.7688698325378206,
        "threshold_fpr": 0.9562287545882366,
        "n_samples_human": 7248,
        "n_samples_ai": 7248
    },
    "cnn_news": {
        "n_samples": 4726,
        "f1_score": 0.4502502814051736,
        "precision": 0.7653267460139233,
        "recall": 0.5577655522640711,
        "accuracy": 0.5577655522640711,
        "roc_auc": 0.5577655522640711,
        "fpr": 0.8844688954718578,
        "tpr": 1.0,
        "f1_human": 0.2071320182094082,
        "f1_ai": 0.693368544600939,
        "f1_score_median": 0.9305966991112992,
        "precision_median": 0.9305966991112992,
        "recall_median": 0.9305966991112992,
        "accuracy_median": 0.9305966991112992,
        "roc_auc_median": 0.9305966991112992,
        "fpr_median": 0.06940330088870081,
        "tpr_median": 0.9305966991112992,
        "f1_human_median": 0.9305966991112992,
        "f1_ai_median": 0.9305966991112992,
        "threshold_median": 0.9572677914534089,
        "f1_score_mean": 0.7609141141630914,
        "precision_mean": 0.8436272843375193,
        "recall_mean": 0.7731696995344901,
        "accuracy_mean": 0.7731696995344901,
        "roc_auc_mean": 0.7731696995344899,
        "fpr_mean": 0.45323741007194246,
        "tpr_mean": 0.9995768091409225,
        "f1_human_mean": 0.7067833698030634,
        "f1_ai_mean": 0.8150448585231194,
        "threshold_mean": 0.8618527691667455,
        "f1_score_fpr": 0.9256860015775574,
        "precision_fpr": 0.9267407276560422,
        "recall_fpr": 0.9257300042319085,
        "accuracy_fpr": 0.9257300042319085,
        "roc_auc_fpr": 0.9257300042319087,
        "fpr_fpr": 0.04993652137113838,
        "tpr_fpr": 0.9013965298349556,
        "f1_human_fpr": 0.9274943193555051,
        "f1_ai_fpr": 0.9238776837996097,
        "threshold_fpr": 0.9591171145109598,
        "n_samples_human": 2363,
        "n_samples_ai": 2363
    },
    "euro_court_cases": {
        "n_samples": 1506,
        "f1_score": 1.0,
        "precision": 1.0,
        "recall": 1.0,
        "accuracy": 1.0,
        "roc_auc": 1.0,
        "fpr": 0.0,
        "tpr": 1.0,
        "f1_human": 1.0,
        "f1_ai": 1.0,
        "f1_score_median": 1.0,
        "precision_median": 1.0,
        "recall_median": 1.0,
        "accuracy_median": 1.0,
        "roc_auc_median": 1.0,
        "fpr_median": 0.0,
        "tpr_median": 1.0,
        "f1_human_median": 1.0,
        "f1_ai_median": 1.0,
        "threshold_median": 0.519165077691703,
        "f1_score_mean": 1.0,
        "precision_mean": 1.0,
        "recall_mean": 1.0,
        "accuracy_mean": 1.0,
        "roc_auc_mean": 1.0,
        "fpr_mean": 0.0,
        "tpr_mean": 1.0,
        "f1_human_mean": 1.0,
        "f1_ai_mean": 1.0,
        "threshold_mean": 0.5027073647618714,
        "f1_score_fpr": 0.9747515212265816,
        "precision_fpr": 0.9759797724399495,
        "recall_fpr": 0.9747675962815405,
        "accuracy_fpr": 0.9747675962815405,
        "roc_auc_fpr": 0.9747675962815405,
        "fpr_fpr": 0.05046480743691899,
        "tpr_fpr": 1.0,
        "f1_human_fpr": 0.9741144414168937,
        "f1_ai_fpr": 0.9753886010362695,
        "threshold_fpr": 0.03216459834944446,
        "n_samples_human": 753,
        "n_samples_ai": 753
    },
    "house_of_commons": {
        "n_samples": 2386,
        "f1_score": 0.6876592780289141,
        "precision": 0.8177943526904636,
        "recall": 0.7133277451802179,
        "accuracy": 0.7133277451802179,
        "roc_auc": 0.713327745180218,
        "fpr": 0.5733445096395641,
        "tpr": 1.0,
        "f1_human": 0.5981198589894242,
        "f1_ai": 0.7771986970684039,
        "f1_score_median": 0.980720871751886,
        "precision_median": 0.980720871751886,
        "recall_median": 0.980720871751886,
        "accuracy_median": 0.980720871751886,
        "roc_auc_median": 0.980720871751886,
        "fpr_median": 0.019279128248113998,
        "tpr_median": 0.980720871751886,
        "f1_human_median": 0.980720871751886,
        "f1_ai_median": 0.980720871751886,
        "threshold_median": 0.9584055808794856,
        "f1_score_mean": 0.8589959771465248,
        "precision_mean": 0.8916611950098489,
        "recall_mean": 0.8616932103939648,
        "accuracy_mean": 0.8616932103939648,
        "roc_auc_mean": 0.8616932103939647,
        "fpr_mean": 0.2766135792120704,
        "tpr_mean": 1.0,
        "f1_human_mean": 0.8394941634241245,
        "f1_ai_mean": 0.8784977908689249,
        "threshold_mean": 0.7593299323773742,