{
    "blog_authorship_corpus": {
        "n_samples": 1832,
        "f1_score": 0.48951335420674513,
        "precision": 0.7716488730723607,
        "recall": 0.5796943231441049,
        "accuracy": 0.5796943231441049,
        "roc_auc": 0.5796943231441047,
        "fpr": 0.8406113537117904,
        "tpr": 1.0,
        "f1_human": 0.2749529190207156,
        "f1_ai": 0.7040737893927748,
        "f1_score_median": 0.7860262008733624,
        "precision_median": 0.7860262008733624,
        "recall_median": 0.7860262008733624,
        "accuracy_median": 0.7860262008733624,
        "roc_auc_median": 0.7860262008733625,
        "fpr_median": 0.21397379912663755,
        "tpr_median": 0.7860262008733624,
        "f1_human_median": 0.7860262008733624,
        "f1_ai_median": 0.7860262008733624,
        "threshold_median": 0.817394902794464,
        "f1_score_mean": 0.718187984496124,
        "precision_mean": 0.7379729812335717,
        "recall_mean": 0.722707423580786,
        "accuracy_mean": 0.722707423580786,
        "roc_auc_mean": 0.7227074235807861,
        "fpr_mean": 0.4039301310043668,
        "tpr_mean": 0.8493449781659389,
        "f1_human_mean": 0.6825,
        "f1_ai_mean": 0.7538759689922481,
        "threshold_mean": 0.7576299711143498,
        "f1_score_fpr": 0.7295056536772264,
        "precision_fpr": 0.7920598096755018,
        "recall_fpr": 0.7412663755458515,
        "accuracy_fpr": 0.7412663755458515,
        "roc_auc_fpr": 0.7412663755458516,
        "fpr_fpr": 0.05021834061135371,
        "tpr_fpr": 0.5327510917030568,
        "f1_human_fpr": 0.7859078590785907,
        "f1_ai_fpr": 0.6731034482758621,
        "threshold_fpr": 0.8740150489463075,
        "n_samples_human": 916,
        "n_samples_ai": 916
    },
    "student_essays": {
        "n_samples": 14496,
        "f1_score": 0.5159814143261559,
        "precision": 0.7763248189096456,
        "recall": 0.5952676600441501,
        "accuracy": 0.5952676600441501,
        "roc_auc": 0.5952676600441501,
        "fpr": 0.8094646799116998,
        "tpr": 1.0,
        "f1_human": 0.32008343956426005,
        "f1_ai": 0.7118793890880518,
        "f1_score_median": 0.8526490066225165,
        "precision_median": 0.8526490066225165,
        "recall_median": 0.8526490066225165,
        "accuracy_median": 0.8526490066225165,
        "roc_auc_median": 0.8526490066225165,
        "fpr_median": 0.14735099337748345,
        "tpr_median": 0.8526490066225165,
        "f1_human_median": 0.8526490066225165,
        "f1_ai_median": 0.8526490066225165,
        "threshold_median": 0.8981529385705163,
        "f1_score_mean": 0.7331319395209606,
        "precision_mean": 0.8318381132227759,
        "recall_mean": 0.7496550772626932,
        "accuracy_mean": 0.7496550772626932,
        "roc_auc_mean": 0.7496550772626932,
        "fpr_mean": 0.4991721854304636,
        "tpr_mean": 0.9984823399558499,
        "f1_human_mean": 0.6667278905317293,
        "f1_ai_mean": 0.7995359885101917,
        "threshold_mean": 0.8087595135562538,
        "f1_score_fpr": 0.5959914008510437,
        "precision_fpr": 0.7246726246372777,
        "recall_fpr": 0.6358995584988962,
        "accuracy_fpr": 0.6358995584988962,
        "roc_auc_fpr": 0.6358995584988962,
        "fpr_fpr": 0.049806843267108165,
        "tpr_fpr": 0.3216059602649007,
        "f1_human_fpr": 0.7229687171950452,
        "f1_ai_fpr": 0.46901408450704224,
        "threshold_fpr": 0.9126373830313838,
        "n_samples_human": 7248,
        "n_samples_ai": 7248
    },
    "cnn_news": {
        "n_samples": 4726,
        "f1_score": 0.336616393614524,
        "precision": 0.7503708412799323,
        "recall": 0.501481168006771,
        "accuracy": 0.501481168006771,
        "roc_auc": 0.501481168006771,
        "fpr": 0.9970376639864579,
        "tpr": 1.0,
        "f1_human": 0.00590717299578059,
        "f1_ai": 0.6673256142332674,
        "f1_score_median": 0.916208209902666,
        "precision_median": 0.916208209902666,
        "recall_median": 0.916208209902666,
        "accuracy_median": 0.916208209902666,
        "roc_auc_median": 0.916208209902666,
        "fpr_median": 0.0837917900973339,
        "tpr_median": 0.916208209902666,
        "f1_human_median": 0.916208209902666,
        "f1_ai_median": 0.916208209902666,
        "threshold_median": 0.8992642163462463,
        "f1_score_mean": 0.8420242697893559,
        "precision_mean": 0.8768033017540569,
        "recall_mean": 0.8453237410071942,
        "accuracy_mean": 0.8453237410071942,
        "roc_auc_mean": 0.8453237410071943,
        "fpr_mean": 0.29919593736775285,
        "tpr_mean": 0.9898434193821414,
        "f1_human_mean": 0.8191936680682661,
        "f1_ai_mean": 0.8648548715104456,
        "threshold_mean": 0.8806519004754626,
        "f1_score_fpr": 0.9011664987964867,
        "precision_fpr": 0.905168584823886,
        "recall_fpr": 0.9013965298349556,
        "accuracy_fpr": 0.9013965298349556,
        "roc_auc_fpr": 0.9013965298349556,
        "fpr_fpr": 0.050359712230215826,
        "tpr_fpr": 0.853152771900127,
        "f1_human_fpr": 0.9059345983044005,
        "f1_ai_fpr": 0.8963983992885727,
        "threshold_fpr": 0.9031419325083738,
        "n_samples_human": 2363,
        "n_samples_ai": 2363
    },
    "euro_court_cases": {
        "n_samples": 1506,
        "f1_score": 0.9614677442123095,
        "precision": 0.9624301717937345,
        "recall": 0.9614873837981408,
        "accuracy": 0.9614873837981408,
        "roc_auc": 0.9614873837981408,
        "fpr": 0.06108897742363878,
        "tpr": 0.9840637450199203,
        "f1_human": 0.9605978260869565,
        "f1_ai": 0.9623376623376624,
        "f1_score_median": 0.9694555112881806,
        "precision_median": 0.9694555112881806,
        "recall_median": 0.9694555112881806,
        "accuracy_median": 0.9694555112881806,
        "roc_auc_median": 0.9694555112881806,
        "fpr_median": 0.03054448871181939,
        "tpr_median": 0.9694555112881806,
        "f1_human_median": 0.9694555112881806,
        "f1_ai_median": 0.9694555112881806,
        "threshold_median": 0.5729331053591409,
        "f1_score_mean": 0.9674627764621225,
        "precision_mean": 0.9675038803442924,
        "recall_mean": 0.9674634794156707,
        "accuracy_mean": 0.9674634794156707,
        "roc_auc_mean": 0.9674634794156707,
        "fpr_mean": 0.03718459495351926,
        "tpr_mean": 0.9721115537848606,
        "f1_human_mean": 0.9673115410273516,
        "f1_ai_mean": 0.9676140118968936,
        "threshold_mean": 0.5591455045853546,
        "f1_score_fpr": 0.9634723131776177,
        "precision_fpr": 0.9638401745245055,
        "recall_fpr": 0.9634794156706508,
        "accuracy_fpr": 0.9634794156706508,
        "roc_auc_fpr": 0.9634794156706508,
        "fpr_fpr": 0.05046480743691899,
        "tpr_fpr": 0.9774236387782205,
        "f1_human_fpr": 0.9629629629629629,
        "f1_ai_fpr": 0.9639816633922724,
        "threshold_fpr": 0.5262842336690761,
        "n_samples_human": 753,
        "n_samples_ai": 753
    },
    "house_of_commons": {
        "n_samples": 2386,
        "f1_score": 0.7107319205322564,
        "precision": 0.8236112749144946,
        "recall": 0.731349538977368,
        "accuracy": 0.731349538977368,
        "roc_auc": 0.731349538977368,
        "fpr": 0.5356244761106455,
        "tpr": 0.9983235540653814,
        "f1_human": 0.6335048599199543,
        "f1_ai": 0.7879589811445584,
        "f1_score_median": 0.9220452640402347,
        "precision_median": 0.9220452640402347,
        "recall_median": 0.9220452640402347,
        "accuracy_median": 0.9220452640402347,
        "roc_auc_median": 0.9220452640402348,
        "fpr_median": 0.07795473595976529,
        "tpr_median": 0.9220452640402347,
        "f1_human_median": 0.9220452640402347,
        "f1_ai_median": 0.9220452640402347,
        "threshold_median": 0.8358900806086065,
        "f1_score_mean": 0.818777069366692,