{
    "blog_authorship_corpus": {
        "n_samples": 1832,
        "f1_score": 0.801335797905114,
        "precision": 0.8544191253951527,
        "recall": 0.8078602620087336,
        "accuracy": 0.8078602620087336,
        "roc_auc": 0.8078602620087336,
        "fpr": 0.37336244541484714,
        "tpr": 0.9890829694323144,
        "f1_human": 0.7653333333333333,
        "f1_ai": 0.8373382624768947,
        "f1_score_median": 0.9017467248908297,
        "precision_median": 0.9017467248908297,
        "recall_median": 0.9017467248908297,
        "accuracy_median": 0.9017467248908297,
        "roc_auc_median": 0.9017467248908297,
        "fpr_median": 0.0982532751091703,
        "tpr_median": 0.9017467248908297,
        "f1_human_median": 0.9017467248908297,
        "f1_ai_median": 0.9017467248908297,
        "threshold_median": 0.9284068107051414,
        "f1_score_mean": 0.8283860648351994,
        "precision_mean": 0.8669567619836994,
        "recall_mean": 0.8324235807860262,
        "accuracy_mean": 0.8324235807860262,
        "roc_auc_mean": 0.8324235807860262,
        "fpr_mean": 0.32096069868995636,
        "tpr_mean": 0.9858078602620087,
        "f1_human_mean": 0.8020631850419084,
        "f1_ai_mean": 0.8547089446284903,
        "threshold_mean": 0.6650066391651471,
        "f1_score_fpr": 0.8759740080784407,
        "precision_fpr": 0.884873949579832,
        "recall_fpr": 0.8766375545851528,
        "accuracy_fpr": 0.8766375545851528,
        "roc_auc_fpr": 0.8766375545851529,
        "fpr_fpr": 0.05021834061135371,
        "tpr_fpr": 0.8034934497816594,
        "f1_human_fpr": 0.8850457782299085,
        "f1_ai_fpr": 0.866902237926973,
        "threshold_fpr": 0.951087828018987,
        "n_samples_human": 916,
        "n_samples_ai": 916
    },
    "student_essays": {
        "n_samples": 14496,
        "f1_score": 0.9755044788669129,
        "precision": 0.9759773617513442,
        "recall": 0.9755104856512141,
        "accuracy": 0.9755104856512141,
        "roc_auc": 0.9755104856512141,
        "fpr": 0.04014900662251655,
        "tpr": 0.9911699779249448,
        "f1_human": 0.9751208914429883,
        "f1_ai": 0.9758880662908375,
        "f1_score_median": 0.9746136860509759,
        "precision_median": 0.9746137226721997,
        "recall_median": 0.9746136865342163,
        "accuracy_median": 0.9746136865342163,
        "roc_auc_median": 0.9746136865342163,
        "fpr_median": 0.0255242825607064,
        "tpr_median": 0.9747516556291391,
        "f1_human_median": 0.9746101835242169,
        "f1_ai_median": 0.9746171885777348,
        "threshold_median": 0.8011126298149057,
        "f1_score_mean": 0.9759192909669281,
        "precision_mean": 0.9763280705972147,
        "recall_mean": 0.9759243929359823,
        "accuracy_mean": 0.9759243929359823,
        "roc_auc_mean": 0.9759243929359824,
        "fpr_mean": 0.03863134657836645,
        "tpr_mean": 0.9904801324503312,
        "f1_human_mean": 0.975568778438922,
        "f1_ai_mean": 0.9762698034949344,
        "threshold_mean": 0.516667035417638,
        "f1_score_fpr": 0.9715645096022115,
        "precision_fpr": 0.9724993774687637,
        "recall_fpr": 0.9715783664459161,
        "accuracy_fpr": 0.9715783664459161,
        "roc_auc_fpr": 0.9715783664459161,
        "fpr_fpr": 0.050496688741721855,
        "tpr_fpr": 0.9936534216335541,
        "f1_human_fpr": 0.9709367945823928,
        "f1_ai_fpr": 0.9721922246220303,
        "threshold_fpr": 0.3864865080423583,
        "n_samples_human": 7248,
        "n_samples_ai": 7248
    },
    "cnn_news": {
        "n_samples": 4726,
        "f1_score": 0.9106592355065691,
        "precision": 0.9243028153402795,
        "recall": 0.9113415150232755,
        "accuracy": 0.9113415150232755,
        "roc_auc": 0.9113415150232754,
        "fpr": 0.17604739737621666,
        "tpr": 0.9987304274227676,
        "f1_human": 0.902851843264549,
        "f1_ai": 0.9184666277485892,
        "f1_score_median": 0.9928057553956835,
        "precision_median": 0.9928057553956835,
        "recall_median": 0.9928057553956835,
        "accuracy_median": 0.9928057553956835,
        "roc_auc_median": 0.9928057553956836,
        "fpr_median": 0.007194244604316547,
        "tpr_median": 0.9928057553956835,
        "f1_human_median": 0.9928057553956835,
        "f1_ai_median": 0.9928057553956835,
        "threshold_median": 0.9566326481716694,
        "f1_score_mean": 0.9313535704082371,
        "precision_mean": 0.9393634474461336,
        "recall_mean": 0.9316546762589928,
        "accuracy_mean": 0.9316546762589928,
        "roc_auc_mean": 0.9316546762589928,
        "fpr_mean": 0.13457469318662718,
        "tpr_mean": 0.9978840457046128,
        "f1_human_mean": 0.9268071606616815,
        "f1_ai_mean": 0.9358999801547926,
        "threshold_mean": 0.6080810368482635,
        "f1_score_fpr": 0.9735359725983643,
        "precision_fpr": 0.9745978065307259,
        "recall_fpr": 0.9735505713076598,
        "accuracy_fpr": 0.9735505713076598,
        "roc_auc_fpr": 0.9735505713076599,
        "fpr_fpr": 0.04993652137113838,
        "tpr_fpr": 0.9970376639864579,
        "f1_human_fpr": 0.9729144095341279,
        "f1_ai_fpr": 0.9741575356626008,
        "threshold_fpr": 0.8625044151830499,
        "n_samples_human": 2363,
        "n_samples_ai": 2363
    },
    "euro_court_cases": {
        "n_samples": 1506,
        "f1_score": 1.0,
        "precision": 1.0,
        "recall": 1.0,
        "accuracy": 1.0,
        "roc_auc": 1.0,
        "fpr": 0.0,
        "tpr": 1.0,
        "f1_human": 1.0,
        "f1_ai": 1.0,
        "f1_score_median": 1.0,
        "precision_median": 1.0,
        "recall_median": 1.0,
        "accuracy_median": 1.0,
        "roc_auc_median": 1.0,
        "fpr_median": 0.0,
        "tpr_median": 1.0,
        "f1_human_median": 1.0,
        "f1_ai_median": 1.0,
        "threshold_median": 0.4851531662239053,
        "f1_score_mean": 1.0,
        "precision_mean": 1.0,
        "recall_mean": 1.0,
        "accuracy_mean": 1.0,
        "roc_auc_mean": 1.0,
        "fpr_mean": 0.0,
        "tpr_mean": 1.0,
        "f1_human_mean": 1.0,
        "f1_ai_mean": 1.0,
        "threshold_mean": 0.4998970185538415,
        "f1_score_fpr": 0.9747515212265816,
        "precision_fpr": 0.9759797724399495,
        "recall_fpr": 0.9747675962815405,
        "accuracy_fpr": 0.9747675962815405,
        "roc_auc_fpr": 0.9747675962815405,
        "fpr_fpr": 0.05046480743691899,
        "tpr_fpr": 1.0,
        "f1_human_fpr": 0.9741144414168937,
        "f1_ai_fpr": 0.9753886010362695,
        "threshold_fpr": 0.02443285268468598,
        "n_samples_human": 753,
        "n_samples_ai": 753
    },
    "house_of_commons": {
        "n_samples": 2386,
        "f1_score": 0.9979044392688758,
        "precision": 0.9979075911300976,
        "recall": 0.9979044425817267,
        "accuracy": 0.9979044425817267,
        "roc_auc": 0.9979044425817266,
        "fpr": 0.003352891869237217,
        "tpr": 0.9991617770326907,
        "f1_human": 0.9979018044481746,
        "f1_ai": 0.9979070740895772,
        "f1_score_median": 0.9991617770326907,
        "precision_median": 0.9991617770326907,
        "recall_median": 0.9991617770326907,
        "accuracy_median": 0.9991617770326907,
        "roc_auc_median": 0.9991617770326906,
        "fpr_median": 0.0008382229673093043,
        "tpr_median": 0.9991617770326907,
        "f1_human_median": 0.9991617770326907,
        "f1_ai_median": 0.9991617770326907,
        "threshold_median": 0.8663214104178972,
        "f1_score_mean": 0.9979044392688758,
        "precision_mean": 0.9979075911300976,
        "recall_mean": 0.9979044425817267,
        "accuracy_mean": 0.9979044425817267,
        "roc_auc_mean": 0.9979044425817266,
        "fpr_mean": 0.003352891869237217,
        "tpr_mean": 0.9991617770326907,
        "f1_human_mean": 0.9979018044481746,
        "f1_ai_mean": 0.9979070740895772,