{
    "blog_authorship_corpus": {
        "n_samples": 1832,
        "f1_score": 0.7393303788246721,
        "precision": 0.8306623534369499,
        "recall": 0.7543668122270742,
        "accuracy": 0.7543668122270742,
        "roc_auc": 0.7543668122270744,
        "fpr": 0.48580786026200873,
        "tpr": 0.9945414847161572,
        "f1_human": 0.6767241379310345,
        "f1_ai": 0.8019366197183099,
        "f1_score_median": 0.8777292576419214,
        "precision_median": 0.8777292576419214,
        "recall_median": 0.8777292576419214,
        "accuracy_median": 0.8777292576419214,
        "roc_auc_median": 0.8777292576419216,
        "fpr_median": 0.1222707423580786,
        "tpr_median": 0.8777292576419214,
        "f1_human_median": 0.8777292576419214,
        "f1_ai_median": 0.8777292576419214,
        "threshold_median": 0.784844229545645,
        "f1_score_mean": 0.8436911145885146,
        "precision_mean": 0.8685017386228076,
        "recall_mean": 0.8460698689956332,
        "accuracy_mean": 0.8460698689956332,
        "roc_auc_mean": 0.8460698689956332,
        "fpr_mean": 0.27729257641921395,
        "tpr_mean": 0.9694323144104804,
        "f1_human_mean": 0.8244084682440846,
        "f1_ai_mean": 0.8629737609329446,
        "threshold_mean": 0.6693328921004229,
        "f1_score_fpr": 0.8461039576906924,
        "precision_fpr": 0.8628288978680168,
        "recall_fpr": 0.847707423580786,
        "accuracy_fpr": 0.847707423580786,
        "roc_auc_fpr": 0.8477074235807861,
        "fpr_fpr": 0.05021834061135371,
        "tpr_fpr": 0.7456331877729258,
        "f1_human_fpr": 0.861812778603269,
        "f1_ai_fpr": 0.8303951367781155,
        "threshold_fpr": 0.8536024050103765,
        "n_samples_human": 916,
        "n_samples_ai": 916
    },
    "student_essays": {
        "n_samples": 14496,
        "f1_score": 0.8132814141147819,
        "precision": 0.8654625317848861,
        "recall": 0.8191915011037527,
        "accuracy": 0.8191915011037527,
        "roc_auc": 0.8191915011037528,
        "fpr": 0.358719646799117,
        "tpr": 0.9971026490066225,
        "f1_human": 0.7800620961651422,
        "f1_ai": 0.8465007320644217,
        "f1_score_median": 0.8661009927402757,
        "precision_median": 0.8661010003463885,
        "recall_median": 0.8661009933774835,
        "accuracy_median": 0.8661009933774835,
        "roc_auc_median": 0.8661009933774835,
        "fpr_median": 0.13396799116997793,
        "tpr_median": 0.8661699779249448,
        "f1_human_median": 0.8660917557778545,
        "f1_ai_median": 0.8661102297026971,
        "threshold_median": 0.9045066235257407,
        "f1_score_mean": 0.8462997840628489,
        "precision_mean": 0.8801441927533825,
        "recall_mean": 0.8494067328918322,
        "accuracy_mean": 0.8494067328918322,
        "roc_auc_mean": 0.8494067328918322,
        "fpr_mean": 0.2927704194260486,
        "tpr_mean": 0.9915838852097131,
        "f1_human_mean": 0.8244471250502614,
        "f1_ai_mean": 0.8681524430754364,
        "threshold_mean": 0.6658372787120865,
        "f1_score_fpr": 0.7472916050093449,
        "precision_fpr": 0.8020279415066789,
        "recall_fpr": 0.7567604856512141,
        "accuracy_fpr": 0.7567604856512141,
        "roc_auc_fpr": 0.7567604856512142,
        "fpr_fpr": 0.04966887417218543,
        "tpr_fpr": 0.5631898454746137,
        "f1_human_fpr": 0.7962085308056872,
        "f1_ai_fpr": 0.6983746792130026,
        "threshold_fpr": 0.9537806157965716,
        "n_samples_human": 7248,
        "n_samples_ai": 7248
    },
    "cnn_news": {
        "n_samples": 4726,
        "f1_score": 0.9847639257446457,
        "precision": 0.9849183223590807,
        "recall": 0.984765129073212,
        "accuracy": 0.984765129073212,
        "roc_auc": 0.9847651290732121,
        "fpr": 0.024121878967414304,
        "tpr": 0.9936521371138384,
        "f1_human": 0.9846285226302306,
        "f1_ai": 0.9848993288590604,
        "f1_score_median": 0.9877274650867541,
        "precision_median": 0.9877274650867541,
        "recall_median": 0.9877274650867541,
        "accuracy_median": 0.9877274650867541,
        "roc_auc_median": 0.9877274650867541,
        "fpr_median": 0.012272534913245875,
        "tpr_median": 0.9877274650867541,
        "f1_human_median": 0.9877274650867541,
        "f1_ai_median": 0.9877274650867541,
        "threshold_median": 0.6531051975017038,
        "f1_score_mean": 0.9858222372130162,
        "precision_mean": 0.9859422470621954,
        "recall_mean": 0.9858231062209056,
        "accuracy_mean": 0.9858231062209056,
        "roc_auc_mean": 0.9858231062209057,
        "fpr_mean": 0.022005924672027083,
        "tpr_mean": 0.9936521371138384,
        "f1_human_mean": 0.9857112390701642,
        "f1_ai_mean": 0.9859332353558682,
        "threshold_mean": 0.5228317224593699,
        "f1_score_fpr": 0.9735359725983643,
        "precision_fpr": 0.9745978065307259,
        "recall_fpr": 0.9735505713076598,
        "accuracy_fpr": 0.9735505713076598,
        "roc_auc_fpr": 0.9735505713076599,
        "fpr_fpr": 0.04993652137113838,
        "tpr_fpr": 0.9970376639864579,
        "f1_human_fpr": 0.9729144095341279,
        "f1_ai_fpr": 0.9741575356626008,
        "threshold_fpr": 0.2759877623419205,
        "n_samples_human": 2363,
        "n_samples_ai": 2363
    },
    "euro_court_cases": {
        "n_samples": 1506,
        "f1_score": 0.8849711563586662,
        "precision": 0.9074675324675324,
        "recall": 0.8864541832669323,
        "accuracy": 0.8864541832669323,
        "roc_auc": 0.8864541832669323,
        "fpr": 0.22709163346613545,
        "tpr": 1.0,
        "f1_human": 0.8719101123595505,
        "f1_ai": 0.8980322003577818,
        "f1_score_median": 0.9787516600265604,
        "precision_median": 0.9787516600265604,
        "recall_median": 0.9787516600265604,
        "accuracy_median": 0.9787516600265604,
        "roc_auc_median": 0.9787516600265606,
        "fpr_median": 0.021248339973439574,
        "tpr_median": 0.9787516600265604,
        "f1_human_median": 0.9787516600265604,
        "f1_ai_median": 0.9787516600265604,
        "threshold_median": 0.8844517411827264,
        "f1_score_mean": 0.9400248502612464,
        "precision_mean": 0.9466192170818505,
        "recall_mean": 0.9402390438247012,
        "accuracy_mean": 0.9402390438247012,
        "roc_auc_mean": 0.9402390438247012,
        "fpr_mean": 0.11952191235059761,
        "tpr_mean": 1.0,
        "f1_human_mean": 0.9364406779661016,
        "f1_ai_mean": 0.943609022556391,
        "threshold_mean": 0.6321459650772671,
        "f1_score_fpr": 0.9734243892109373,
        "precision_fpr": 0.9745241845246617,
        "recall_fpr": 0.9734395750332006,
        "accuracy_fpr": 0.9734395750332006,
        "roc_auc_fpr": 0.9734395750332006,
        "fpr_fpr": 0.05046480743691899,
        "tpr_fpr": 0.99734395750332,
        "f1_human_fpr": 0.9727891156462585,
        "f1_ai_fpr": 0.9740596627756161,
        "threshold_fpr": 0.7968686395922184,
        "n_samples_human": 753,
        "n_samples_ai": 753
    },
    "house_of_commons": {
        "n_samples": 2386,
        "f1_score": 0.9078645682770191,
        "precision": 0.9227498228206945,
        "recall": 0.9086336965632859,
        "accuracy": 0.9086336965632859,
        "roc_auc": 0.9086336965632859,
        "fpr": 0.18273260687342832,
        "tpr": 1.0,
        "f1_human": 0.8994464944649446,
        "f1_ai": 0.9162826420890937,
        "f1_score_median": 0.9622799664710813,
        "precision_median": 0.9622799664710813,
        "recall_median": 0.9622799664710813,
        "accuracy_median": 0.9622799664710813,
        "roc_auc_median": 0.9622799664710813,
        "fpr_median": 0.037720033528918694,
        "tpr_median": 0.9622799664710813,
        "f1_human_median": 0.9622799664710813,
        "f1_ai_median": 0.9622799664710813,
        "threshold_median": 0.8643195001470987,
        "f1_score_mean": 0.924980640529969,