{
    "blog_authorship_corpus": {
        "n_samples": 1832,
        "f1_score": 0.6788402986319653,
        "precision": 0.8137668551544149,
        "recall": 0.7063318777292577,
        "accuracy": 0.7063318777292577,
        "roc_auc": 0.7063318777292577,
        "fpr": 0.5862445414847162,
        "tpr": 0.9989082969432315,
        "f1_human": 0.5848765432098766,
        "f1_ai": 0.7728040540540541,
        "f1_score_median": 0.9028384279475983,
        "precision_median": 0.9028384279475983,
        "recall_median": 0.9028384279475983,
        "accuracy_median": 0.9028384279475983,
        "roc_auc_median": 0.9028384279475983,
        "fpr_median": 0.09716157205240175,
        "tpr_median": 0.9028384279475983,
        "f1_human_median": 0.9028384279475983,
        "f1_ai_median": 0.9028384279475983,
        "threshold_median": 0.9903041631005818,
        "f1_score_mean": 0.7278546987422159,
        "precision_mean": 0.8282210890054028,
        "recall_mean": 0.7450873362445415,
        "accuracy_mean": 0.7450873362445415,
        "roc_auc_mean": 0.7450873362445416,
        "fpr_mean": 0.5065502183406113,
        "tpr_mean": 0.9967248908296943,
        "f1_human_mean": 0.6593727206418672,
        "f1_ai_mean": 0.7963366768425644,
        "threshold_mean": 0.7797468104259424,
        "f1_score_fpr": 0.8998620944263389,
        "precision_fpr": 0.9040973789533868,
        "recall_fpr": 0.9001091703056768,
        "accuracy_fpr": 0.9001091703056768,
        "roc_auc_fpr": 0.9001091703056768,
        "fpr_fpr": 0.05021834061135371,
        "tpr_fpr": 0.8504366812227074,
        "f1_human_fpr": 0.9048361934477379,
        "f1_ai_fpr": 0.8948879954049397,
        "threshold_fpr": 0.9916469459036052,
        "n_samples_human": 916,
        "n_samples_ai": 916
    },
    "student_essays": {
        "n_samples": 14496,
        "f1_score": 0.9988962458959474,
        "precision": 0.998898678414097,
        "recall": 0.9988962472406181,
        "accuracy": 0.9988962472406181,
        "roc_auc": 0.9988962472406181,
        "fpr": 0.002207505518763797,
        "tpr": 1.0,
        "f1_human": 0.9988950276243094,
        "f1_ai": 0.9988974641675854,
        "f1_score_median": 1.0,
        "precision_median": 1.0,
        "recall_median": 1.0,
        "accuracy_median": 1.0,
        "roc_auc_median": 1.0,
        "fpr_median": 0.0,
        "tpr_median": 1.0,
        "f1_human_median": 1.0,
        "f1_ai_median": 1.0,
        "threshold_median": 0.9727975485892357,
        "f1_score_mean": 0.9988962458959474,
        "precision_mean": 0.998898678414097,
        "recall_mean": 0.9988962472406181,
        "accuracy_mean": 0.9988962472406181,
        "roc_auc_mean": 0.9988962472406181,
        "fpr_mean": 0.002207505518763797,
        "tpr_mean": 1.0,
        "f1_human_mean": 0.9988950276243094,
        "f1_ai_mean": 0.9988974641675854,
        "threshold_mean": 0.5011543497959904,
        "f1_score_fpr": 0.9751502368407339,
        "precision_fpr": 0.9763406940063091,
        "recall_fpr": 0.9751655629139073,
        "accuracy_fpr": 0.9751655629139073,
        "roc_auc_fpr": 0.9751655629139072,
        "fpr_fpr": 0.04966887417218543,
        "tpr_fpr": 1.0,
        "f1_human_fpr": 0.9745331069609507,
        "f1_ai_fpr": 0.975767366720517,
        "threshold_fpr": 0.005979701208982613,
        "n_samples_human": 7248,
        "n_samples_ai": 7248
    },
    "cnn_news": {
        "n_samples": 4726,
        "f1_score": 0.5750542747721065,
        "precision": 0.788170731707317,
        "recall": 0.6324587388912399,
        "accuracy": 0.6324587388912399,
        "roc_auc": 0.6324587388912399,
        "fpr": 0.7350825222175201,
        "tpr": 1.0,
        "f1_human": 0.41886918701906994,
        "f1_ai": 0.7312393625251431,
        "f1_score_median": 0.9716462124418113,
        "precision_median": 0.9716462124418113,
        "recall_median": 0.9716462124418113,
        "accuracy_median": 0.9716462124418113,
        "roc_auc_median": 0.9716462124418113,
        "fpr_median": 0.028353787558188744,
        "tpr_median": 0.9716462124418113,
        "f1_human_median": 0.9716462124418113,
        "f1_ai_median": 0.9716462124418113,
        "threshold_median": 0.9939191553926776,
        "f1_score_mean": 0.6412666052624273,
        "precision_mean": 0.8042750450682462,
        "recall_mean": 0.6783749471011427,
        "accuracy_mean": 0.6783749471011427,
        "roc_auc_mean": 0.6783749471011427,
        "fpr_mean": 0.6432501057977148,
        "tpr_mean": 1.0,
        "f1_human_mean": 0.5258889582033687,
        "f1_ai_mean": 0.7566442523214858,
        "threshold_mean": 0.8573630675164551,
        "f1_score_fpr": 0.9682496771221928,
        "precision_fpr": 0.9689110073932595,
        "recall_fpr": 0.9682606855691918,
        "accuracy_fpr": 0.9682606855691918,
        "roc_auc_fpr": 0.9682606855691916,
        "fpr_fpr": 0.050359712230215826,
        "tpr_fpr": 0.9868810833685993,
        "f1_human_fpr": 0.9676584734799483,
        "f1_ai_fpr": 0.9688408807644371,
        "threshold_fpr": 0.9936006865109723,
        "n_samples_human": 2363,
        "n_samples_ai": 2363
    },
    "euro_court_cases": {
        "n_samples": 1506,
        "f1_score": 0.8221371882086168,
        "precision": 0.8708988999790187,
        "recall": 0.8273572377158035,
        "accuracy": 0.8273572377158035,
        "roc_auc": 0.8273572377158034,
        "fpr": 0.34395750332005315,
        "tpr": 0.99867197875166,
        "f1_human": 0.7916666666666666,
        "f1_ai": 0.8526077097505669,
        "f1_score_median": 0.9548472775564409,
        "precision_median": 0.9548472775564409,
        "recall_median": 0.9548472775564409,
        "accuracy_median": 0.9548472775564409,
        "roc_auc_median": 0.9548472775564409,
        "fpr_median": 0.0451527224435591,
        "tpr_median": 0.9548472775564409,
        "f1_human_median": 0.9548472775564409,
        "f1_ai_median": 0.9548472775564409,
        "threshold_median": 0.9828471034746608,
        "f1_score_mean": 0.838701994883431,
        "precision_mean": 0.8796015506541823,
        "recall_mean": 0.8426294820717132,
        "accuracy_mean": 0.8426294820717132,
        "roc_auc_mean": 0.8426294820717132,
        "fpr_mean": 0.31341301460823373,
        "tpr_mean": 0.99867197875166,
        "f1_human_mean": 0.8135326514555468,
        "f1_ai_mean": 0.8638713383113154,
        "threshold_mean": 0.6694680990215715,
        "f1_score_fpr": 0.9535185185185184,
        "precision_fpr": 0.953548052552767,
        "recall_fpr": 0.953519256308101,
        "accuracy_fpr": 0.953519256308101,
        "roc_auc_fpr": 0.953519256308101,
        "fpr_fpr": 0.05046480743691899,
        "tpr_fpr": 0.9575033200531209,
        "f1_human_fpr": 0.9533333333333334,
        "f1_ai_fpr": 0.9537037037037037,
        "threshold_fpr": 0.9818957219045801,
        "n_samples_human": 753,
        "n_samples_ai": 753
    },
    "house_of_commons": {
        "n_samples": 2386,
        "f1_score": 0.6904498253524051,
        "precision": 0.8149279844390814,
        "recall": 0.7150041911148366,
        "accuracy": 0.7150041911148366,
        "roc_auc": 0.7150041911148366,
        "fpr": 0.5666387259010897,
        "tpr": 0.9966471081307627,
        "f1_human": 0.603267211201867,
        "f1_ai": 0.7776324395029431,
        "f1_score_median": 0.9178541492036881,
        "precision_median": 0.9178541492036881,
        "recall_median": 0.9178541492036881,
        "accuracy_median": 0.9178541492036881,
        "roc_auc_median": 0.9178541492036882,
        "fpr_median": 0.08214585079631181,
        "tpr_median": 0.9178541492036881,
        "f1_human_median": 0.9178541492036881,
        "f1_ai_median": 0.9178541492036881,
        "threshold_median": 0.9920958504182107,
        "f1_score_mean": 0.7289953577918923,
        "precision_mean": 0.8285761205654791,
        "recall_mean": 0.7460184409052808,
        "accuracy_mean": 0.7460184409052808,