{
    "blog_authorship_corpus": {
        "n_samples": 1832,
        "f1_score": 0.5297587656867642,
        "precision": 0.5598025331203986,
        "recall": 0.5496724890829694,
        "accuracy": 0.5496724890829694,
        "roc_auc": 0.6989807593295322,
        "fpr": 0.6561135371179039,
        "tpr": 0.7554585152838428,
        "f1_human": 0.4329896907216495,
        "f1_ai": 0.6265278406518787,
        "f1_score_median": 0.6626637554585153,
        "precision_median": 0.6626637554585153,
        "recall_median": 0.6626637554585153,
        "accuracy_median": 0.6626637554585153,
        "roc_auc_median": 0.6989807593295322,
        "fpr_median": 0.3373362445414847,
        "tpr_median": 0.6626637554585153,
        "f1_human_median": 0.6626637554585153,
        "f1_ai_median": 0.6626637554585153,
        "threshold_median": 0.5338154435157776,
        "f1_score_mean": 0.6159565941180096,
        "precision_mean": 0.6241780948265937,
        "recall_mean": 0.6195414847161572,
        "accuracy_mean": 0.6195414847161572,
        "roc_auc_mean": 0.6989807593295322,
        "fpr_mean": 0.47707423580786024,
        "tpr_mean": 0.7161572052401747,
        "f1_human_mean": 0.5788519637462236,
        "f1_ai_mean": 0.6530612244897959,
        "threshold_mean": 0.5214658254456572,
        "f1_score_fpr": 0.5938507150562184,
        "precision_fpr": 0.7231173213564316,
        "recall_fpr": 0.6342794759825328,
        "accuracy_fpr": 0.6342794759825328,
        "roc_auc_fpr": 0.6989807593295322,
        "fpr_fpr": 0.05021834061135371,
        "tpr_fpr": 0.31877729257641924,
        "f1_human_fpr": 0.7219917012448133,
        "f1_ai_fpr": 0.46570972886762363,
        "threshold_fpr": 0.5655157228028931,
        "n_samples_human": 916,
        "n_samples_ai": 916
    },
    "student_essays": {
        "n_samples": 14496,
        "f1_score": 0.44391314438619484,
        "precision": 0.7512770897832817,
        "recall": 0.5533940397350994,
        "accuracy": 0.5533940397350994,
        "roc_auc": 0.8285416388748789,
        "fpr": 0.8903145695364238,
        "tpr": 0.9971026490066225,
        "f1_human": 0.19717261904761904,
        "f1_ai": 0.6906536697247706,
        "f1_score_median": 0.7299944812362031,
        "precision_median": 0.7299944812362031,
        "recall_median": 0.7299944812362031,
        "accuracy_median": 0.7299944812362031,
        "roc_auc_median": 0.8285416388748789,
        "fpr_median": 0.2700055187637969,
        "tpr_median": 0.7299944812362031,
        "f1_human_median": 0.7299944812362031,
        "f1_ai_median": 0.7299944812362031,
        "threshold_median": 0.562336653470993,
        "f1_score_mean": 0.7277322468469892,
        "precision_mean": 0.7282708484261506,
        "recall_mean": 0.7278559602649006,
        "accuracy_mean": 0.7278559602649006,
        "roc_auc_mean": 0.8285416388748789,
        "fpr_mean": 0.29346026490066224,
        "tpr_mean": 0.7491721854304636,
        "f1_human_mean": 0.7219285261154578,
        "f1_ai_mean": 0.7335359675785208,
        "threshold_mean": 0.5604862850858412,
        "f1_score_fpr": 0.672818326512624,
        "precision_fpr": 0.7628829067434849,
        "recall_fpr": 0.6941915011037527,
        "accuracy_fpr": 0.6941915011037527,
        "roc_auc_fpr": 0.8285416388748789,
        "fpr_fpr": 0.05022075055187638,
        "tpr_fpr": 0.4386037527593819,
        "f1_human_fpr": 0.7564419537388055,
        "f1_ai_fpr": 0.5891946992864424,
        "threshold_fpr": 0.5854155422983974,
        "n_samples_human": 7248,
        "n_samples_ai": 7248
    },
    "cnn_news": {
        "n_samples": 4726,
        "f1_score": 0.3721072610279717,
        "precision": 0.7321996932221264,
        "recall": 0.5173508252221752,
        "accuracy": 0.5173508252221752,
        "roc_auc": 0.9167324973508039,
        "fpr": 0.9636055861193398,
        "tpr": 0.9983072365636902,
        "f1_human": 0.0701182225845903,
        "f1_ai": 0.6740962994713531,
        "f1_score_median": 0.8421498095641134,
        "precision_median": 0.8421498095641134,
        "recall_median": 0.8421498095641134,
        "accuracy_median": 0.8421498095641134,
        "roc_auc_median": 0.9167324973508039,
        "fpr_median": 0.15785019043588658,
        "tpr_median": 0.8421498095641134,
        "f1_human_median": 0.8421498095641134,
        "f1_ai_median": 0.8421498095641134,
        "threshold_median": 0.5702523291110992,
        "f1_score_mean": 0.845399667925524,
        "precision_mean": 0.8467524979920631,
        "recall_mean": 0.845535336436733,
        "accuracy_mean": 0.845535336436733,
        "roc_auc_mean": 0.9167324973508039,
        "fpr_mean": 0.1840880236986881,
        "tpr_mean": 0.8751586965721541,
        "f1_human_mean": 0.840819886611426,
        "f1_ai_mean": 0.8499794492396219,
        "threshold_mean": 0.5667241978042468,
        "f1_score_fpr": 0.7396521836396571,
        "precision_fpr": 0.7979613651492651,
        "recall_fpr": 0.7501057977147694,
        "accuracy_fpr": 0.7501057977147694,
        "roc_auc_fpr": 0.9167324973508039,
        "fpr_fpr": 0.04951333051206094,
        "tpr_fpr": 0.5497249259415996,
        "f1_human_fpr": 0.7918209060461837,
        "f1_ai_fpr": 0.6874834612331304,
        "threshold_fpr": 0.5869449929846983,
        "n_samples_human": 2363,
        "n_samples_ai": 2363
    },
    "euro_court_cases": {
        "n_samples": 1506,
        "f1_score": 0.3805623722278686,
        "precision": 0.5449462793473936,
        "recall": 0.5079681274900398,
        "accuracy": 0.5079681274900398,
        "roc_auc": 0.7909759809809016,
        "fpr": 0.9455511288180611,
        "tpr": 0.9614873837981408,
        "f1_human": 0.09963547995139732,
        "f1_ai": 0.6614892645043399,
        "f1_score_median": 0.7250996015936255,
        "precision_median": 0.7250996015936255,
        "recall_median": 0.7250996015936255,
        "accuracy_median": 0.7250996015936255,
        "roc_auc_median": 0.7909759809809016,
        "fpr_median": 0.2749003984063745,
        "tpr_median": 0.7250996015936255,
        "f1_human_median": 0.7250996015936255,
        "f1_ai_median": 0.7250996015936255,
        "threshold_median": 0.5396013557910919,
        "f1_score_mean": 0.7318408059117871,
        "precision_mean": 0.734371665172664,
        "recall_mean": 0.7324037184594954,
        "accuracy_mean": 0.7324037184594954,
        "roc_auc_mean": 0.7909759809809016,
        "fpr_mean": 0.22177954847277556,
        "tpr_mean": 0.6865869853917662,
        "f1_human_mean": 0.7441269841269841,
        "f1_ai_mean": 0.7195546276965901,
        "threshold_mean": 0.5425541333428734,
        "f1_score_fpr": 0.7423015679684674,
        "precision_fpr": 0.7988095238095237,
        "recall_fpr": 0.752324037184595,
        "accuracy_fpr": 0.752324037184595,
        "roc_auc_fpr": 0.7909759809809016,
        "fpr_fpr": 0.05046480743691899,
        "tpr_fpr": 0.5551128818061088,
        "f1_human_fpr": 0.79312257348863,
        "f1_ai_fpr": 0.6914805624483044,
        "threshold_fpr": 0.5529056713479765,
        "n_samples_human": 753,
        "n_samples_ai": 753
    },
    "house_of_commons": {
        "n_samples": 2386,
        "f1_score": 0.3712995871292376,
        "precision": 0.7544795221843005,
        "recall": 0.5176026823134954,
        "accuracy": 0.5176026823134954,
        "roc_auc": 0.8542626764536634,
        "fpr": 0.9647946353730092,
        "tpr": 1.0,
        "f1_human": 0.0680161943319838,
        "f1_ai": 0.6745829799264914,
        "f1_score_median": 0.7728415758591786,
        "precision_median": 0.7728415758591786,
        "recall_median": 0.7728415758591786,
        "accuracy_median": 0.7728415758591786,
        "roc_auc_median": 0.8542626764536634,
        "fpr_median": 0.22715842414082146,
        "tpr_median": 0.7728415758591786,
        "f1_human_median": 0.7728415758591786,
        "f1_ai_median": 0.7728415758591786,
        "threshold_median": 0.5663590729236603,