{
    "blog_authorship_corpus": {
        "n_samples": 1832,
        "f1_score": 0.9399528251850103,
        "precision": 0.9400591278640059,
        "recall": 0.9399563318777293,
        "accuracy": 0.9399563318777293,
        "roc_auc": 0.9832645258480959,
        "fpr": 0.06768558951965066,
        "tpr": 0.9475982532751092,
        "f1_human": 0.9394939493949395,
        "f1_ai": 0.9404117009750813,
        "f1_score_median": 0.9421397379912664,
        "precision_median": 0.9421397379912664,
        "recall_median": 0.9421397379912664,
        "accuracy_median": 0.9421397379912664,
        "roc_auc_median": 0.9832645258480959,
        "fpr_median": 0.05786026200873363,
        "tpr_median": 0.9421397379912664,
        "f1_human_median": 0.9421397379912664,
        "f1_ai_median": 0.9421397379912664,
        "threshold_median": 0.5014176964759827,
        "f1_score_mean": 0.9470330691603783,
        "precision_mean": 0.9477060409557535,
        "recall_mean": 0.9470524017467249,
        "accuracy_mean": 0.9470524017467249,
        "roc_auc_mean": 0.9832645258480959,
        "fpr_mean": 0.03384279475982533,
        "tpr_mean": 0.9279475982532751,
        "f1_human_mean": 0.9480449919657205,
        "f1_ai_mean": 0.9460211463550362,
        "threshold_mean": 0.5039632552705998,
        "f1_score_fpr": 0.9448676650547965,
        "precision_fpr": 0.9449119461247356,
        "recall_fpr": 0.9448689956331878,
        "accuracy_fpr": 0.9448689956331878,
        "roc_auc_fpr": 0.9832645258480959,
        "fpr_fpr": 0.05021834061135371,
        "tpr_fpr": 0.9399563318777293,
        "f1_human_fpr": 0.9451385116784357,
        "f1_ai_fpr": 0.9445968184311574,
        "threshold_fpr": 0.5018938482133062,
        "n_samples_human": 916,
        "n_samples_ai": 916
    },
    "student_essays": {
        "n_samples": 14496,
        "f1_score": 0.9753577376967526,
        "precision": 0.9765156515160746,
        "recall": 0.9753725165562914,
        "accuracy": 0.9753725165562914,
        "roc_auc": 0.9998801907445581,
        "fpr": 0.04911699779249448,
        "tpr": 0.9998620309050773,
        "f1_human": 0.9747542606604908,
        "f1_ai": 0.9759612147330146,
        "f1_score_median": 0.9951020971069344,
        "precision_median": 0.9951021065547446,
        "recall_median": 0.9951020971302428,
        "accuracy_median": 0.9951020971302428,
        "roc_auc_median": 0.9998801907445581,
        "fpr_median": 0.004966887417218543,
        "tpr_median": 0.9951710816777042,
        "f1_human_median": 0.9951017592273198,
        "f1_ai_median": 0.9951024349865489,
        "threshold_median": 0.5070770978927612,
        "f1_score_mean": 0.9929634635122153,
        "precision_mean": 0.9929951452632718,
        "recall_mean": 0.9929635761589404,
        "accuracy_mean": 0.9929635761589404,
        "roc_auc_mean": 0.9998801907445581,
        "fpr_mean": 0.011037527593818985,
        "tpr_mean": 0.9969646799116998,
        "f1_human_mean": 0.9929353095996676,
        "f1_ai_mean": 0.9929916174247629,
        "threshold_mean": 0.5050025120188397,
        "f1_score_fpr": 0.9747355500755571,
        "precision_fpr": 0.9759653270291568,
        "recall_fpr": 0.9747516556291391,
        "accuracy_fpr": 0.9747516556291391,
        "roc_auc_fpr": 0.9998801907445581,
        "fpr_fpr": 0.050496688741721855,
        "tpr_fpr": 1.0,
        "f1_human_fpr": 0.9740976645435244,
        "f1_ai_fpr": 0.9753734356075898,
        "threshold_fpr": 0.4998167937263748,
        "n_samples_human": 7248,
        "n_samples_ai": 7248
    },
    "cnn_news": {
        "n_samples": 4726,
        "f1_score": 0.9244900600738235,
        "precision": 0.9288054401987723,
        "recall": 0.924672027084215,
        "accuracy": 0.924672027084215,
        "roc_auc": 0.9848837765315864,
        "fpr": 0.12441811256876852,
        "tpr": 0.9737621667371985,
        "f1_human": 0.9207832665776591,
        "f1_ai": 0.9281968535699879,
        "f1_score_median": 0.9344054168429962,
        "precision_median": 0.9344054168429962,
        "recall_median": 0.9344054168429962,
        "accuracy_median": 0.9344054168429962,
        "roc_auc_median": 0.9848837765315864,
        "fpr_median": 0.06559458315700381,
        "tpr_median": 0.9344054168429962,
        "f1_human_median": 0.9344054168429962,
        "f1_ai_median": 0.9344054168429962,
        "threshold_median": 0.5030724704265594,
        "f1_score_mean": 0.9316417453145875,
        "precision_mean": 0.9319815382762461,
        "recall_mean": 0.9316546762589928,
        "accuracy_mean": 0.9316546762589928,
        "roc_auc_mean": 0.9848837765315864,
        "fpr_mean": 0.05459162082099027,
        "tpr_mean": 0.9179009733389759,
        "f1_human_mean": 0.9325819244416614,
        "f1_ai_mean": 0.9307015661875134,
        "threshold_mean": 0.5040271474656239,
        "f1_score_fpr": 0.9301458731967406,
        "precision_fpr": 0.9308553125212448,
        "recall_fpr": 0.9301735082522218,
        "accuracy_fpr": 0.9301735082522218,
        "roc_auc_fpr": 0.9848837765315864,
        "fpr_fpr": 0.04993652137113838,
        "tpr_fpr": 0.9102835378755819,
        "f1_human_fpr": 0.9315352697095436,
        "f1_ai_fpr": 0.9287564766839378,
        "threshold_fpr": 0.5044169812776556,
        "n_samples_human": 2363,
        "n_samples_ai": 2363
    },
    "euro_court_cases": {
        "n_samples": 1506,
        "f1_score": 0.600995599559956,
        "precision": 0.6371019595358042,
        "recall": 0.6162018592297477,
        "accuracy": 0.6162018592297477,
        "roc_auc": 0.6513900132096668,
        "fpr": 0.18857901726427623,
        "tpr": 0.4209827357237716,
        "f1_human": 0.6788888888888889,
        "f1_ai": 0.523102310231023,
        "f1_score_median": 0.6108897742363878,
        "precision_median": 0.6108897742363878,
        "recall_median": 0.6108897742363878,
        "accuracy_median": 0.6108897742363878,
        "roc_auc_median": 0.6513900132096668,
        "fpr_median": 0.3891102257636122,
        "tpr_median": 0.6108897742363878,
        "f1_human_median": 0.6108897742363878,
        "f1_ai_median": 0.6108897742363878,
        "threshold_median": 0.4976077228784561,
        "f1_score_mean": 0.6102049679992416,
        "precision_mean": 0.610249290865215,
        "recall_mean": 0.6102257636122178,
        "accuracy_mean": 0.6102257636122178,
        "roc_auc_mean": 0.6513900132096668,
        "fpr_mean": 0.38247011952191234,
        "tpr_mean": 0.602921646746348,
        "f1_human_mean": 0.6130520764667106,
        "f1_ai_mean": 0.6073578595317726,
        "threshold_mean": 0.4976457359979194,
        "f1_score_fpr": 0.5046487319704168,
        "precision_fpr": 0.6701804797727052,
        "recall_fpr": 0.5743691899070386,
        "accuracy_fpr": 0.5743691899070386,
        "roc_auc_fpr": 0.6513900132096668,
        "fpr_fpr": 0.05046480743691899,
        "tpr_fpr": 0.199203187250996,
        "f1_human_fpr": 0.6904876871076775,
        "f1_ai_fpr": 0.3188097768331562,
        "threshold_fpr": 0.5032335474671595,
        "n_samples_human": 753,
        "n_samples_ai": 753
    },
    "house_of_commons": {
        "n_samples": 2386,
        "f1_score": 0.8590330667640177,
        "precision": 0.8654523409651769,
        "recall": 0.8595976529756916,
        "accuracy": 0.8595976529756916,
        "roc_auc": 0.9524682610000076,
        "fpr": 0.20368818105616093,
        "tpr": 0.922883487007544,
        "f1_human": 0.8501118568232662,
        "f1_ai": 0.8679542767047694,
        "f1_score_median": 0.901089689857502,
        "precision_median": 0.901089689857502,
        "recall_median": 0.901089689857502,
        "accuracy_median": 0.901089689857502,
        "roc_auc_median": 0.9524682610000076,
        "fpr_median": 0.0989103101424979,
        "tpr_median": 0.901089689857502,
        "f1_human_median": 0.901089689857502,
        "f1_ai_median": 0.901089689857502,
        "threshold_median": 0.5018291771411896,