{
    "blog_authorship_corpus": {
        "n_samples": 1832,
        "f1_score": 0.506493644005116,
        "precision": 0.5336621534958459,
        "recall": 0.5278384279475983,
        "accuracy": 0.5278384279475983,
        "roc_auc": 0.5399162868747736,
        "fpr": 0.26419213973799127,
        "tpr": 0.31986899563318777,
        "f1_human": 0.6091278807049254,
        "f1_ai": 0.4038594073053067,
        "f1_score_median": 0.5152838427947598,
        "precision_median": 0.5152838427947598,
        "recall_median": 0.5152838427947598,
        "accuracy_median": 0.5152838427947598,
        "roc_auc_median": 0.5399162868747736,
        "fpr_median": 0.4847161572052402,
        "tpr_median": 0.5152838427947598,
        "f1_human_median": 0.5152838427947598,
        "f1_ai_median": 0.5152838427947598,
        "threshold_median": 0.4926829934120178,
        "f1_score_mean": 0.5177221148775013,
        "precision_mean": 0.5180566789043656,
        "recall_mean": 0.5180131004366813,
        "accuracy_mean": 0.5180131004366813,
        "roc_auc_mean": 0.5399162868747736,
        "fpr_mean": 0.4574235807860262,
        "tpr_mean": 0.49344978165938863,
        "f1_human_mean": 0.5295684603090037,
        "f1_ai_mean": 0.5058757694459989,
        "threshold_mean": 0.4934385164953996,
        "f1_score_fpr": 0.4245822132145246,
        "precision_fpr": 0.5954246187182265,
        "recall_fpr": 0.527292576419214,
        "accuracy_fpr": 0.527292576419214,
        "roc_auc_fpr": 0.5399162868747736,
        "fpr_fpr": 0.05021834061135371,
        "tpr_fpr": 0.10480349344978165,
        "f1_human_fpr": 0.6676899462778204,
        "f1_ai_fpr": 0.18147448015122875,
        "threshold_fpr": 0.5125307042851198,
        "n_samples_human": 916,
        "n_samples_ai": 916
    },
    "student_essays": {
        "n_samples": 14496,
        "f1_score": 0.5492335314704566,
        "precision": 0.5526041219433753,
        "recall": 0.5515314569536424,
        "accuracy": 0.5515314569536424,
        "roc_auc": 0.5919236988265622,
        "fpr": 0.5198675496688742,
        "tpr": 0.6229304635761589,
        "f1_human": 0.5170492533987073,
        "f1_ai": 0.5814178095422059,
        "f1_score_median": 0.5567742804514538,
        "precision_median": 0.5567742836414317,
        "recall_median": 0.5567742825607064,
        "accuracy_median": 0.5567742825607064,
        "roc_auc_median": 0.5919236988265622,
        "fpr_median": 0.44329470198675497,
        "tpr_median": 0.5568432671081678,
        "f1_human_median": 0.5567437047257675,
        "f1_ai_median": 0.5568048561771402,
        "threshold_median": 0.501765787601471,
        "f1_score_mean": 0.5563530259892975,
        "precision_mean": 0.5563641101013795,
        "recall_mean": 0.5563603752759382,
        "accuracy_mean": 0.5563603752759382,
        "roc_auc_mean": 0.5919236988265622,
        "fpr_mean": 0.4477097130242826,
        "tpr_mean": 0.5604304635761589,
        "f1_human_mean": 0.5545473436309483,
        "f1_ai_mean": 0.5581587083476468,
        "threshold_mean": 0.5016849815812595,
        "f1_score_fpr": 0.4782449404200605,
        "precision_fpr": 0.65012018087941,
        "recall_fpr": 0.5581539735099338,
        "accuracy_fpr": 0.5581539735099338,
        "roc_auc_fpr": 0.5919236988265622,
        "fpr_fpr": 0.050496688741721855,
        "tpr_fpr": 0.1668046357615894,
        "f1_human_fpr": 0.6824334374535178,
        "f1_ai_fpr": 0.2740564433866032,
        "threshold_fpr": 0.5134265181252827,
        "n_samples_human": 7248,
        "n_samples_ai": 7248
    },
    "cnn_news": {
        "n_samples": 4726,
        "f1_score": 0.6654008984725965,
        "precision": 0.6687951207300897,
        "recall": 0.6665256030469742,
        "accuracy": 0.6665256030469742,
        "roc_auc": 0.7318158218937783,
        "fpr": 0.275497249259416,
        "tpr": 0.6085484553533643,
        "f1_human": 0.6848,
        "f1_ai": 0.6460017969451932,
        "f1_score_median": 0.6707575116377487,
        "precision_median": 0.6707575116377487,
        "recall_median": 0.6707575116377487,
        "accuracy_median": 0.6707575116377487,
        "roc_auc_median": 0.7318158218937783,
        "fpr_median": 0.3292424883622514,
        "tpr_median": 0.6707575116377487,
        "f1_human_median": 0.6707575116377487,
        "f1_ai_median": 0.6707575116377487,
        "threshold_median": 0.49845676124095917,
        "f1_score_mean": 0.6713004507400409,
        "precision_mean": 0.6715840781077209,
        "recall_mean": 0.6713922979263648,
        "accuracy_mean": 0.6713922979263648,
        "roc_auc_mean": 0.7318158218937783,
        "fpr_mean": 0.34532374100719426,
        "tpr_mean": 0.6881083368599238,
        "f1_human_mean": 0.665805896277168,
        "f1_ai_mean": 0.6767950052029136,
        "threshold_mean": 0.49805495830925145,
        "f1_score_fpr": 0.4990152096787952,
        "precision_fpr": 0.6663267034196773,
        "recall_fpr": 0.5708844688954718,
        "accuracy_fpr": 0.5708844688954718,
        "roc_auc_fpr": 0.7318158218937783,
        "fpr_fpr": 0.050359712230215826,
        "tpr_fpr": 0.19212865002115953,
        "f1_human_fpr": 0.6887661141804788,
        "f1_ai_fpr": 0.30926430517711173,
        "threshold_fpr": 0.5093984844015657,
        "n_samples_human": 2363,
        "n_samples_ai": 2363
    },
    "euro_court_cases": {
        "n_samples": 1506,
        "f1_score": 0.4950134100428587,
        "precision": 0.7002279202279202,
        "recall": 0.5743691899070386,
        "accuracy": 0.5743691899070386,
        "roc_auc": 0.7424688144279897,
        "fpr": 0.029216467463479414,
        "tpr": 0.17795484727755645,
        "f1_human": 0.6951973371374227,
        "f1_ai": 0.2948294829482948,
        "f1_score_median": 0.6865869853917662,
        "precision_median": 0.6865869853917662,
        "recall_median": 0.6865869853917662,
        "accuracy_median": 0.6865869853917662,
        "roc_auc_median": 0.7424688144279897,
        "fpr_median": 0.31341301460823373,
        "tpr_median": 0.6865869853917662,
        "f1_human_median": 0.6865869853917662,
        "f1_ai_median": 0.6865869853917662,
        "threshold_median": 0.4895506054162979,
        "f1_score_mean": 0.6856900176715475,
        "precision_mean": 0.6864758158095832,
        "recall_mean": 0.6859229747675962,
        "accuracy_mean": 0.6859229747675962,
        "roc_auc_mean": 0.7424688144279897,
        "fpr_mean": 0.2868525896414343,
        "tpr_mean": 0.6586985391766268,
        "f1_human_mean": 0.6942469295410472,
        "f1_ai_mean": 0.6771331058020478,
        "threshold_mean": 0.4900732428666605,
        "f1_score_fpr": 0.5417300616891201,
        "precision_fpr": 0.6940397258747492,
        "recall_fpr": 0.5982735723771581,
        "accuracy_fpr": 0.5982735723771581,
        "roc_auc_fpr": 0.7424688144279897,
        "fpr_fpr": 0.05046480743691899,
        "tpr_fpr": 0.24701195219123506,
        "f1_human_fpr": 0.7027027027027027,
        "f1_ai_fpr": 0.38075742067553736,
        "threshold_fpr": 0.4978928918620029,
        "n_samples_human": 753,
        "n_samples_ai": 753
    },
    "house_of_commons": {
        "n_samples": 2386,
        "f1_score": 0.7595657329236115,
        "precision": 0.777643082446163,
        "recall": 0.7627829002514669,
        "accuracy": 0.7627829002514669,
        "roc_auc": 0.8636496494991389,
        "fpr": 0.3528918692372171,
        "tpr": 0.8784576697401508,
        "f1_human": 0.7317535545023697,
        "f1_ai": 0.7873779113448535,
        "f1_score_median": 0.7812238055322716,
        "precision_median": 0.7812238055322716,
        "recall_median": 0.7812238055322716,
        "accuracy_median": 0.7812238055322716,
        "roc_auc_median": 0.8636496494991389,
        "fpr_median": 0.21877619446772842,
        "tpr_median": 0.7812238055322716,
        "f1_human_median": 0.7812238055322716,
        "f1_ai_median": 0.7812238055322716,
        "threshold_median": 0.5031500458717346,