{
    "blog_authorship_corpus": {
        "n_samples": 1832,
        "f1_score": 0.8110670449282075,
        "precision": 0.8290032238040889,
        "recall": 0.8133187772925764,
        "accuracy": 0.8133187772925764,
        "roc_auc": 0.870256574054652,
        "fpr": 0.07751091703056769,
        "tpr": 0.7041484716157205,
        "f1_human": 0.8316929133858267,
        "f1_ai": 0.7904411764705882,
        "f1_score_median": 0.7805676855895196,
        "precision_median": 0.7805676855895196,
        "recall_median": 0.7805676855895196,
        "accuracy_median": 0.7805676855895196,
        "roc_auc_median": 0.870256574054652,
        "fpr_median": 0.21943231441048036,
        "tpr_median": 0.7805676855895196,
        "f1_human_median": 0.7805676855895196,
        "f1_ai_median": 0.7805676855895196,
        "threshold_median": 0.47034384310245514,
        "f1_score_mean": 0.8046490038808904,
        "precision_mean": 0.8081724895428967,
        "recall_mean": 0.8051310043668122,
        "accuracy_mean": 0.8051310043668122,
        "roc_auc_mean": 0.870256574054652,
        "fpr_mean": 0.14519650655021835,
        "tpr_mean": 0.7554585152838428,
        "f1_human_mean": 0.8143525741029641,
        "f1_ai_mean": 0.7949454336588168,
        "threshold_mean": 0.4826350326946729,
        "f1_score_fpr": 0.8062605752961084,
        "precision_fpr": 0.8363119247078291,
        "recall_fpr": 0.8100436681222707,
        "accuracy_fpr": 0.8100436681222707,
        "roc_auc_fpr": 0.870256574054652,
        "fpr_fpr": 0.05021834061135371,
        "tpr_fpr": 0.6703056768558951,
        "f1_human_fpr": 0.8333333333333334,
        "f1_ai_fpr": 0.7791878172588832,
        "threshold_fpr": 0.5091838474877537,
        "n_samples_human": 916,
        "n_samples_ai": 916
    },
    "student_essays": {
        "n_samples": 14496,
        "f1_score": 0.7996662394837264,
        "precision": 0.8549137013710905,
        "recall": 0.8064983443708609,
        "accuracy": 0.8064983443708609,
        "roc_auc": 0.9599957391001369,
        "fpr": 0.37817328918322296,
        "tpr": 0.9911699779249448,
        "f1_human": 0.7626702766731533,
        "f1_ai": 0.8366622022942992,
        "f1_score_median": 0.8908664459161147,
        "precision_median": 0.8908664459161147,
        "recall_median": 0.8908664459161147,
        "accuracy_median": 0.8908664459161147,
        "roc_auc_median": 0.9599957391001369,
        "fpr_median": 0.10913355408388521,
        "tpr_median": 0.8908664459161147,
        "f1_human_median": 0.8908664459161147,
        "f1_ai_median": 0.8908664459161147,
        "threshold_median": 0.5403548777103424,
        "f1_score_mean": 0.8915391944171279,
        "precision_mean": 0.8918033355187143,
        "recall_mean": 0.8915562913907285,
        "accuracy_mean": 0.8915562913907285,
        "roc_auc_mean": 0.9599957391001369,
        "fpr_mean": 0.12099889624724061,
        "tpr_mean": 0.9041114790286976,
        "f1_human_mean": 0.8901774486516697,
        "f1_ai_mean": 0.8929009401825861,
        "threshold_mean": 0.5379206263676088,
        "f1_score_fpr": 0.8536160981011803,
        "precision_fpr": 0.8680959140273269,
        "recall_fpr": 0.8549254966887417,
        "accuracy_fpr": 0.8549254966887417,
        "roc_auc_fpr": 0.9599957391001369,
        "fpr_fpr": 0.050496688741721855,
        "tpr_fpr": 0.7603476821192053,
        "f1_human_fpr": 0.8674607676309322,
        "f1_ai_fpr": 0.8397714285714286,
        "threshold_fpr": 0.5596807952312378,
        "n_samples_human": 7248,
        "n_samples_ai": 7248
    },
    "cnn_news": {
        "n_samples": 4726,
        "f1_score": 0.9631462528052936,
        "precision": 0.9650065220928592,
        "recall": 0.9631823952602624,
        "accuracy": 0.9631823952602624,
        "roc_auc": 0.9979671436981007,
        "fpr": 0.06813372831146847,
        "tpr": 0.9944985188319933,
        "f1_human": 0.9619921363040629,
        "f1_ai": 0.9643003693065244,
        "f1_score_median": 0.9860347016504444,
        "precision_median": 0.9860347016504444,
        "recall_median": 0.9860347016504444,
        "accuracy_median": 0.9860347016504444,
        "roc_auc_median": 0.9979671436981007,
        "fpr_median": 0.01396529834955565,
        "tpr_median": 0.9860347016504444,
        "f1_human_median": 0.9860347016504444,
        "f1_ai_median": 0.9860347016504444,
        "threshold_median": 0.5275684595108032,
        "f1_score_mean": 0.9839182606203882,
        "precision_mean": 0.9839773401589407,
        "recall_mean": 0.9839187473550571,
        "accuracy_mean": 0.9839187473550571,
        "roc_auc_mean": 0.9979671436981007,
        "fpr_mean": 0.02158273381294964,
        "tpr_mean": 0.9894202285230639,
        "f1_human_mean": 0.9838297872340426,
        "f1_ai_mean": 0.984006734006734,
        "threshold_mean": 0.5189578396710005,
        "f1_score_fpr": 0.9714215645104395,
        "precision_fpr": 0.9722974582888375,
        "recall_fpr": 0.9714346170122725,
        "accuracy_fpr": 0.9714346170122725,
        "roc_auc_fpr": 0.9979671436981007,
        "fpr_fpr": 0.04993652137113838,
        "tpr_fpr": 0.9928057553956835,
        "f1_human_fpr": 0.9708108108108108,
        "f1_ai_fpr": 0.9720323182100684,
        "threshold_fpr": 0.5062010672149948,
        "n_samples_human": 2363,
        "n_samples_ai": 2363
    },
    "euro_court_cases": {
        "n_samples": 1506,
        "f1_score": 0.7497410482899832,
        "precision": 0.7631898454746137,
        "recall": 0.752324037184595,
        "accuracy": 0.752324037184595,
        "roc_auc": 0.8786897562472553,
        "fpr": 0.34926958831341304,
        "tpr": 0.8539176626826029,
        "f1_human": 0.7243163340724317,
        "f1_ai": 0.7751657625075347,
        "f1_score_median": 0.8140770252324038,
        "precision_median": 0.8140770252324038,
        "recall_median": 0.8140770252324038,
        "accuracy_median": 0.8140770252324038,
        "roc_auc_median": 0.8786897562472553,
        "fpr_median": 0.18592297476759628,
        "tpr_median": 0.8140770252324038,
        "f1_human_median": 0.8140770252324038,
        "f1_ai_median": 0.8140770252324038,
        "threshold_median": 0.508359432220459,
        "f1_score_mean": 0.83206264230577,
        "precision_mean": 0.8437368145378358,
        "recall_mean": 0.8333333333333334,
        "accuracy_mean": 0.8333333333333334,
        "roc_auc_mean": 0.8786897562472553,
        "fpr_mean": 0.0796812749003984,
        "tpr_mean": 0.7463479415670651,
        "f1_human_mean": 0.8466707391569945,
        "f1_ai_mean": 0.8174545454545454,
        "threshold_mean": 0.5170007697733275,
        "f1_score_fpr": 0.8303523374428937,
        "precision_fpr": 0.8518934468586823,
        "recall_fpr": 0.8326693227091634,
        "accuracy_fpr": 0.8326693227091634,
        "roc_auc_fpr": 0.8786897562472553,
        "fpr_fpr": 0.05046480743691899,
        "tpr_fpr": 0.7158034528552457,
        "f1_human_fpr": 0.8501783590963139,
        "f1_ai_fpr": 0.8105263157894737,
        "threshold_fpr": 0.5205861615390575,
        "n_samples_human": 753,
        "n_samples_ai": 753
    },
    "house_of_commons": {
        "n_samples": 2386,
        "f1_score": 0.8702527652551649,
        "precision": 0.8732769849360064,
        "recall": 0.8704945515507125,
        "accuracy": 0.8704945515507125,
        "roc_auc": 0.9655330866208232,
        "fpr": 0.17267393126571667,
        "tpr": 0.9136630343671417,
        "f1_human": 0.8646517739816032,
        "f1_ai": 0.8758537565287264,
        "f1_score_median": 0.8952221290863369,
        "precision_median": 0.8952221290863369,
        "recall_median": 0.8952221290863369,
        "accuracy_median": 0.8952221290863369,
        "roc_auc_median": 0.9655330866208232,
        "fpr_median": 0.10477787091366303,
        "tpr_median": 0.8952221290863369,
        "f1_human_median": 0.8952221290863369,
        "f1_ai_median": 0.8952221290863369,
        "threshold_median": 0.506950855255127,