{
    "blog_authorship_corpus": {
        "n_samples": 1832,
        "f1_score": 0.6651687346308595,
        "precision": 0.7572361546499479,
        "recall": 0.6877729257641921,
        "accuracy": 0.6877729257641921,
        "roc_auc": 0.8389809500200225,
        "fpr": 0.5720524017467249,
        "tpr": 0.9475982532751092,
        "f1_human": 0.5781710914454278,
        "f1_ai": 0.7521663778162911,
        "f1_score_median": 0.75764192139738,
        "precision_median": 0.75764192139738,
        "recall_median": 0.75764192139738,
        "accuracy_median": 0.75764192139738,
        "roc_auc_median": 0.8389809500200225,
        "fpr_median": 0.2423580786026201,
        "tpr_median": 0.75764192139738,
        "f1_human_median": 0.75764192139738,
        "f1_ai_median": 0.75764192139738,
        "threshold_median": 0.5207310616970062,
        "f1_score_mean": 0.7598021395154803,
        "precision_mean": 0.7599256973622087,
        "recall_mean": 0.759825327510917,
        "accuracy_mean": 0.759825327510917,
        "roc_auc_mean": 0.8389809500200225,
        "fpr_mean": 0.25,
        "tpr_mean": 0.769650655021834,
        "f1_human_mean": 0.7574421168687983,
        "f1_ai_mean": 0.7621621621621621,
        "threshold_mean": 0.5199699544685377,
        "f1_score_fpr": 0.6272950244699533,
        "precision_fpr": 0.7401548200163252,
        "recall_fpr": 0.6588427947598253,
        "accuracy_fpr": 0.6588427947598253,
        "roc_auc_fpr": 0.8389809500200225,
        "fpr_fpr": 0.05021834061135371,
        "tpr_fpr": 0.36790393013100436,
        "f1_human_fpr": 0.7357293868921776,
        "f1_ai_fpr": 0.5188606620477291,
        "threshold_fpr": 0.5437557226185195,
        "n_samples_human": 916,
        "n_samples_ai": 916
    },
    "student_essays": {
        "n_samples": 14496,
        "f1_score": 0.46034381828158566,
        "precision": 0.7641305055098159,
        "recall": 0.5630518763796909,
        "accuracy": 0.5630518763796909,
        "roc_auc": 0.9186163938350657,
        "fpr": 0.8732064017660044,
        "tpr": 0.9993101545253863,
        "f1_human": 0.22491434165442975,
        "f1_ai": 0.6957732949087416,
        "f1_score_median": 0.8385761589403974,
        "precision_median": 0.8385761589403974,
        "recall_median": 0.8385761589403974,
        "accuracy_median": 0.8385761589403974,
        "roc_auc_median": 0.9186163938350657,
        "fpr_median": 0.16142384105960264,
        "tpr_median": 0.8385761589403974,
        "f1_human_median": 0.8385761589403974,
        "f1_ai_median": 0.8385761589403974,
        "threshold_median": 0.5417602360248566,
        "f1_score_mean": 0.8377771716189671,
        "precision_mean": 0.8387980728707947,
        "recall_mean": 0.8378863134657837,
        "accuracy_mean": 0.8378863134657837,
        "roc_auc_mean": 0.9186163938350657,
        "fpr_mean": 0.18805187637969095,
        "tpr_mean": 0.8638245033112583,
        "f1_human_mean": 0.8335694050991501,
        "f1_ai_mean": 0.8419849381387843,
        "threshold_mean": 0.5399624555316193,
        "f1_score_fpr": 0.7785499365711482,
        "precision_fpr": 0.8197471553912313,
        "recall_fpr": 0.7846302428256071,
        "accuracy_fpr": 0.7846302428256071,
        "roc_auc_fpr": 0.9186163938350657,
        "fpr_fpr": 0.04966887417218543,
        "tpr_fpr": 0.6189293598233996,
        "f1_human_fpr": 0.8152444076222038,
        "f1_ai_fpr": 0.7418554655200926,
        "threshold_fpr": 0.5528143328053272,
        "n_samples_human": 7248,
        "n_samples_ai": 7248
    },
    "cnn_news": {
        "n_samples": 4726,
        "f1_score": 0.6405405648201661,
        "precision": 0.8017119396575207,
        "recall": 0.6775285653829878,
        "accuracy": 0.6775285653829878,
        "roc_auc": 0.9393387333895797,
        "fpr": 0.6432501057977148,
        "tpr": 0.9983072365636902,
        "f1_human": 0.525233644859813,
        "f1_ai": 0.7558474847805191,
        "f1_score_median": 0.8628861616589082,
        "precision_median": 0.8628861616589082,
        "recall_median": 0.8628861616589082,
        "accuracy_median": 0.8628861616589082,
        "roc_auc_median": 0.9393387333895797,
        "fpr_median": 0.13711383834109184,
        "tpr_median": 0.8628861616589082,
        "f1_human_median": 0.8628861616589082,
        "f1_ai_median": 0.8628861616589082,
        "threshold_median": 0.5259198844432831,
        "f1_score_mean": 0.8652079117529393,
        "precision_mean": 0.8652765776648597,
        "recall_mean": 0.8652137113838341,
        "accuracy_mean": 0.8652137113838341,
        "roc_auc_mean": 0.9393387333895797,
        "fpr_mean": 0.14134574693186627,
        "tpr_mean": 0.8717731696995344,
        "f1_human_mean": 0.8643237486687966,
        "f1_ai_mean": 0.8660920748370822,
        "threshold_mean": 0.5253863221147128,
        "f1_score_fpr": 0.8190634365485425,
        "precision_fpr": 0.8448001273172117,
        "recall_fpr": 0.8220482437579348,
        "accuracy_fpr": 0.8220482437579348,
        "roc_auc_fpr": 0.9393387333895797,
        "fpr_fpr": 0.04951333051206094,
        "tpr_fpr": 0.6936098180279306,
        "f1_human_fpr": 0.8423026439152447,
        "f1_ai_fpr": 0.7958242291818403,
        "threshold_fpr": 0.5358330748921676,
        "n_samples_human": 2363,
        "n_samples_ai": 2363
    },
    "euro_court_cases": {
        "n_samples": 1506,
        "f1_score": 0.4892584096838541,
        "precision": 0.7592491013491435,
        "recall": 0.5783532536520585,
        "accuracy": 0.5783532536520585,
        "roc_auc": 0.8967212160653534,
        "fpr": 0.8393094289508632,
        "tpr": 0.9960159362549801,
        "f1_human": 0.2759407069555302,
        "f1_ai": 0.702576112412178,
        "f1_score_median": 0.8180610889774237,
        "precision_median": 0.8180610889774237,
        "recall_median": 0.8180610889774237,
        "accuracy_median": 0.8180610889774237,
        "roc_auc_median": 0.8967212160653534,
        "fpr_median": 0.18193891102257637,
        "tpr_median": 0.8180610889774237,
        "f1_human_median": 0.8180610889774237,
        "f1_ai_median": 0.8180610889774237,
        "threshold_median": 0.522728681564331,
        "f1_score_mean": 0.8167123795077125,
        "precision_mean": 0.8168761347535876,
        "recall_mean": 0.8167330677290837,
        "accuracy_mean": 0.8167330677290837,
        "roc_auc_mean": 0.8967212160653534,
        "fpr_mean": 0.17264276228419656,
        "tpr_mean": 0.8061088977423638,
        "f1_human_mean": 0.8186596583442839,
        "f1_ai_mean": 0.8147651006711409,
        "threshold_mean": 0.5233660648622678,
        "f1_score_fpr": 0.7230635312555443,
        "precision_fpr": 0.7884746128527492,
        "recall_fpr": 0.7357237715803453,
        "accuracy_fpr": 0.7357237715803453,
        "roc_auc_fpr": 0.8967212160653534,
        "fpr_fpr": 0.05046480743691899,
        "tpr_fpr": 0.5219123505976095,
        "f1_human_fpr": 0.7822757111597374,
        "f1_ai_fpr": 0.6638513513513513,
        "threshold_fpr": 0.5336233065185318,
        "n_samples_human": 753,
        "n_samples_ai": 753
    },
    "house_of_commons": {
        "n_samples": 2386,
        "f1_score": 0.35078892720732746,
        "precision": 0.7520067596113224,
        "recall": 0.5079631181894384,
        "accuracy": 0.5079631181894384,
        "roc_auc": 0.9532759200954999,
        "fpr": 0.9840737636211232,
        "tpr": 1.0,
        "f1_human": 0.03135313531353135,
        "f1_ai": 0.6702247191011236,
        "f1_score_median": 0.8792958927074602,
        "precision_median": 0.8792958927074602,
        "recall_median": 0.8792958927074602,
        "accuracy_median": 0.8792958927074602,
        "roc_auc_median": 0.9532759200954999,
        "fpr_median": 0.12070410729253982,
        "tpr_median": 0.8792958927074602,
        "f1_human_median": 0.8792958927074602,
        "f1_ai_median": 0.8792958927074602,
        "threshold_median": 0.5500189960002899,
        "f1_score_mean": 0.8792951294230066,