{
    "blog_authorship_corpus": {
        "n_samples": 1832,
        "f1_score": 0.9091178594140737,
        "precision": 0.914326655859194,
        "recall": 0.9093886462882096,
        "accuracy": 0.9093886462882096,
        "roc_auc": 0.9826114109189374,
        "fpr": 0.14519650655021835,
        "tpr": 0.9639737991266376,
        "f1_human": 0.9041570438799076,
        "f1_ai": 0.9140786749482401,
        "f1_score_median": 0.9443231441048034,
        "precision_median": 0.9443231441048034,
        "recall_median": 0.9443231441048034,
        "accuracy_median": 0.9443231441048034,
        "roc_auc_median": 0.9826114109189374,
        "fpr_median": 0.055676855895196505,
        "tpr_median": 0.9443231441048034,
        "f1_human_median": 0.9443231441048034,
        "f1_ai_median": 0.9443231441048034,
        "threshold_median": 0.6303114593029022,
        "f1_score_mean": 0.9322937529804483,
        "precision_mean": 0.9328426599461596,
        "recall_mean": 0.9323144104803494,
        "accuracy_mean": 0.9323144104803494,
        "roc_auc_mean": 0.9826114109189374,
        "fpr_mean": 0.0851528384279476,
        "tpr_mean": 0.9497816593886463,
        "f1_human_mean": 0.9311111111111111,
        "f1_ai_mean": 0.9334763948497854,
        "threshold_mean": 0.582575118040922,
        "f1_score_fpr": 0.9454138062547673,
        "precision_fpr": 0.9454488243034499,
        "recall_fpr": 0.9454148471615721,
        "accuracy_fpr": 0.9454148471615721,
        "roc_auc_fpr": 0.9826114109189374,
        "fpr_fpr": 0.05021834061135371,
        "tpr_fpr": 0.9410480349344978,
        "f1_human_fpr": 0.9456521739130435,
        "f1_ai_fpr": 0.9451754385964912,
        "threshold_fpr": 0.6467276592837422,
        "n_samples_human": 916,
        "n_samples_ai": 916
    },
    "student_essays": {
        "n_samples": 14496,
        "f1_score": 0.9880645440631587,
        "precision": 0.9882504488406751,
        "recall": 0.9880656732891833,
        "accuracy": 0.9880656732891833,
        "roc_auc": 0.999863610849183,
        "fpr": 0.021661147902869757,
        "tpr": 0.9977924944812362,
        "f1_human": 0.9879484500174155,
        "f1_ai": 0.9881806381089021,
        "f1_score_median": 0.9955849889624724,
        "precision_median": 0.9955849889624724,
        "recall_median": 0.9955849889624724,
        "accuracy_median": 0.9955849889624724,
        "roc_auc_median": 0.999863610849183,
        "fpr_median": 0.004415011037527594,
        "tpr_median": 0.9955849889624724,
        "f1_human_median": 0.9955849889624724,
        "f1_ai_median": 0.9955849889624724,
        "threshold_median": 0.694623738527298,
        "f1_score_mean": 0.9897896331515583,
        "precision_mean": 0.9899157746390483,
        "recall_mean": 0.9897902869757175,
        "accuracy_mean": 0.9897902869757175,
        "roc_auc_mean": 0.999863610849183,
        "fpr_mean": 0.018211920529801324,
        "tpr_mean": 0.9977924944812362,
        "f1_human_mean": 0.9897079276773296,
        "f1_ai_mean": 0.989871338625787,
        "threshold_mean": 0.5317946699855505,
        "f1_score_fpr": 0.9746671337346108,
        "precision_fpr": 0.9758500791046623,
        "recall_fpr": 0.9746826710816777,
        "accuracy_fpr": 0.9746826710816777,
        "roc_auc_fpr": 0.999863610849183,
        "fpr_fpr": 0.05008278145695364,
        "tpr_fpr": 0.9994481236203091,
        "f1_human_fpr": 0.9740397538374478,
        "f1_ai_fpr": 0.9752945136317738,
        "threshold_fpr": 0.37881233764176936,
        "n_samples_human": 7248,
        "n_samples_ai": 7248
    },
    "cnn_news": {
        "n_samples": 4726,
        "f1_score": 0.9686571519524618,
        "precision": 0.9702878399202118,
        "recall": 0.9686838764282691,
        "accuracy": 0.9686838764282691,
        "roc_auc": 0.9987354419568574,
        "fpr": 0.060516292848074485,
        "tpr": 0.9978840457046128,
        "f1_human": 0.967741935483871,
        "f1_ai": 0.9695723684210527,
        "f1_score_median": 0.9889970376639865,
        "precision_median": 0.9889970376639865,
        "recall_median": 0.9889970376639865,
        "accuracy_median": 0.9889970376639865,
        "roc_auc_median": 0.9987354419568574,
        "fpr_median": 0.011002962336013541,
        "tpr_median": 0.9889970376639865,
        "f1_human_median": 0.9889970376639865,
        "f1_ai_median": 0.9889970376639865,
        "threshold_median": 0.7181695699691772,
        "f1_score_mean": 0.9798930966776296,
        "precision_mean": 0.9804085452433201,
        "recall_mean": 0.9798984341938214,
        "accuracy_mean": 0.9798984341938214,
        "roc_auc_mean": 0.9987354419568574,
        "fpr_mean": 0.03639441388066018,
        "tpr_mean": 0.996191282268303,
        "f1_human_mean": 0.9795654979565498,
        "f1_ai_mean": 0.9802206953987092,
        "threshold_mean": 0.5790557430728394,
        "f1_score_fpr": 0.9729011042255297,
        "precision_fpr": 0.9739428167753684,
        "recall_fpr": 0.9729157850190436,
        "accuracy_fpr": 0.9729157850190436,
        "roc_auc_fpr": 0.9987354419568574,
        "fpr_fpr": 0.050359712230215826,
        "tpr_fpr": 0.996191282268303,
        "f1_human_fpr": 0.9722703639514731,
        "f1_ai_fpr": 0.9735318444995864,
        "threshold_fpr": 0.5275475284509547,
        "n_samples_human": 2363,
        "n_samples_ai": 2363
    },
    "euro_court_cases": {
        "n_samples": 1506,
        "f1_score": 0.9946878306878307,
        "precision": 0.9947193252588747,
        "recall": 0.9946879150066401,
        "accuracy": 0.9946879150066401,
        "roc_auc": 0.9998024722711633,
        "fpr": 0.009296148738379814,
        "tpr": 0.99867197875166,
        "f1_human": 0.9946666666666667,
        "f1_ai": 0.9947089947089947,
        "f1_score_median": 0.9973439528190078,
        "precision_median": 0.9973474660717278,
        "recall_median": 0.99734395750332,
        "accuracy_median": 0.99734395750332,
        "roc_auc_median": 0.9998024722711633,
        "fpr_median": 0.00398406374501992,
        "tpr_median": 0.99867197875166,
        "f1_human_median": 0.9973404255319149,
        "f1_ai_median": 0.9973474801061007,
        "threshold_median": 0.5229767560958862,
        "f1_score_mean": 0.996679933704493,
        "precision_mean": 0.9966878306878306,
        "recall_mean": 0.9966799468791501,
        "accuracy_mean": 0.9966799468791501,
        "roc_auc_mean": 0.9998024722711633,
        "fpr_mean": 0.005312084993359893,
        "tpr_mean": 0.99867197875166,
        "f1_human_mean": 0.9966733200266135,
        "f1_ai_mean": 0.9966865473823724,
        "threshold_mean": 0.5186051516329863,
        "f1_score_fpr": 0.9747515212265816,
        "precision_fpr": 0.9759797724399495,
        "recall_fpr": 0.9747675962815405,
        "accuracy_fpr": 0.9747675962815405,
        "roc_auc_fpr": 0.9998024722711633,
        "fpr_fpr": 0.05046480743691899,
        "tpr_fpr": 1.0,
        "f1_human_fpr": 0.9741144414168937,
        "f1_ai_fpr": 0.9753886010362695,
        "threshold_fpr": 0.4092646811409776,
        "n_samples_human": 753,
        "n_samples_ai": 753
    },
    "house_of_commons": {
        "n_samples": 2386,
        "f1_score": 0.9786207140097521,
        "precision": 0.9790376252440183,
        "recall": 0.9786253143336128,
        "accuracy": 0.9786253143336128,
        "roc_auc": 0.9985490943608603,
        "fpr": 0.03604358759430008,
        "tpr": 0.9932942162615256,
        "f1_human": 0.9783071033602723,
        "f1_ai": 0.9789343246592317,
        "f1_score_median": 0.9882648784576697,
        "precision_median": 0.9882648784576697,
        "recall_median": 0.9882648784576697,
        "accuracy_median": 0.9882648784576697,
        "roc_auc_median": 0.9985490943608603,
        "fpr_median": 0.01173512154233026,
        "tpr_median": 0.9882648784576697,
        "f1_human_median": 0.9882648784576697,
        "f1_ai_median": 0.9882648784576697,
        "threshold_median": 0.5783337354660034,