{
    "blog_authorship_corpus": {
        "n_samples": 1832,
        "f1_score": 0.5219535972957364,
        "precision": 0.616628469569646,
        "recall": 0.5698689956331878,
        "accuracy": 0.5698689956331878,
        "roc_auc": 0.6042594296447437,
        "fpr": 0.11353711790393013,
        "tpr": 0.25327510917030566,
        "f1_human": 0.6733001658374793,
        "f1_ai": 0.3706070287539936,
        "f1_score_median": 0.5534934497816594,
        "precision_median": 0.5534934497816594,
        "recall_median": 0.5534934497816594,
        "accuracy_median": 0.5534934497816594,
        "roc_auc_median": 0.6042594296447437,
        "fpr_median": 0.4465065502183406,
        "tpr_median": 0.5534934497816594,
        "f1_human_median": 0.5534934497816594,
        "f1_ai_median": 0.5534934497816594,
        "threshold_median": 0.49188990890979767,
        "f1_score_mean": 0.5545209104400222,
        "precision_mean": 0.5546166578421412,
        "recall_mean": 0.5545851528384279,
        "accuracy_mean": 0.5545851528384279,
        "roc_auc_mean": 0.6042594296447437,
        "fpr_mean": 0.4574235807860262,
        "tpr_mean": 0.5665938864628821,
        "f1_human_mean": 0.549171270718232,
        "f1_ai_mean": 0.5598705501618123,
        "threshold_mean": 0.4916162261958986,
        "f1_score_fpr": 0.4803428753402022,
        "precision_fpr": 0.6522796806891356,
        "recall_fpr": 0.5594978165938864,
        "accuracy_fpr": 0.5594978165938864,
        "roc_auc_fpr": 0.6042594296447437,
        "fpr_fpr": 0.05021834061135371,
        "tpr_fpr": 0.16921397379912664,
        "f1_human_fpr": 0.6831566548881036,
        "f1_ai_fpr": 0.2775290957923008,
        "threshold_fpr": 0.5032226924487597,
        "n_samples_human": 916,
        "n_samples_ai": 916
    },
    "student_essays": {
        "n_samples": 14496,
        "f1_score": 0.7536548691649313,
        "precision": 0.7788284644122697,
        "recall": 0.7582091611479028,
        "accuracy": 0.7582091611479028,
        "roc_auc": 0.8783899794691022,
        "fpr": 0.10582229580573951,
        "tpr": 0.6222406181015453,
        "f1_human": 0.7871500576911399,
        "f1_ai": 0.7201596806387226,
        "f1_score_median": 0.785182119205298,
        "precision_median": 0.785182119205298,
        "recall_median": 0.785182119205298,
        "accuracy_median": 0.785182119205298,
        "roc_auc_median": 0.8783899794691022,
        "fpr_median": 0.214817880794702,
        "tpr_median": 0.785182119205298,
        "f1_human_median": 0.785182119205298,
        "f1_ai_median": 0.785182119205298,
        "threshold_median": 0.49561290442943573,
        "f1_score_mean": 0.7785525813500522,
        "precision_mean": 0.7811108587703092,
        "recall_mean": 0.7789735099337748,
        "accuracy_mean": 0.7789735099337748,
        "roc_auc_mean": 0.8783899794691022,
        "fpr_mean": 0.17742825607064017,
        "tpr_mean": 0.7353752759381899,
        "f1_human_mean": 0.7882072977260709,
        "f1_ai_mean": 0.7688978649740335,
        "threshold_mean": 0.4968851333068762,
        "f1_score_fpr": 0.7087109940122831,
        "precision_fpr": 0.7809370932211127,
        "recall_fpr": 0.7235789183222958,
        "accuracy_fpr": 0.7235789183222958,
        "roc_auc_fpr": 0.8783899794691022,
        "fpr_fpr": 0.050496688741721855,
        "tpr_fpr": 0.49765452538631344,
        "f1_human_fpr": 0.7745202858589837,
        "f1_ai_fpr": 0.6429017021655824,
        "threshold_fpr": 0.5036452871070924,
        "n_samples_human": 7248,
        "n_samples_ai": 7248
    },
    "cnn_news": {
        "n_samples": 4726,
        "f1_score": 0.8020854427868224,
        "precision": 0.8183573928750778,
        "recall": 0.8042742276766822,
        "accuracy": 0.8042742276766822,
        "roc_auc": 0.9127827458478315,
        "fpr": 0.30088870080406266,
        "tpr": 0.909437156157427,
        "f1_human": 0.7812721683613147,
        "f1_ai": 0.8228987172123301,
        "f1_score_median": 0.834109183241642,
        "precision_median": 0.834109183241642,
        "recall_median": 0.834109183241642,
        "accuracy_median": 0.834109183241642,
        "roc_auc_median": 0.9127827458478315,
        "fpr_median": 0.165890816758358,
        "tpr_median": 0.834109183241642,
        "f1_human_median": 0.834109183241642,
        "f1_ai_median": 0.834109183241642,
        "threshold_median": 0.5036154985427856,
        "f1_score_mean": 0.8353539576365663,
        "precision_mean": 0.8355809300579439,
        "recall_mean": 0.8353787558188743,
        "accuracy_mean": 0.8353787558188743,
        "roc_auc_mean": 0.9127827458478315,
        "fpr_mean": 0.1523487092678798,
        "tpr_mean": 0.8231062209056285,
        "f1_human_mean": 0.8373745819397993,
        "f1_ai_mean": 0.8333333333333334,
        "threshold_mean": 0.5041469910603381,
        "f1_score_fpr": 0.7977593481740143,
        "precision_fpr": 0.8309523809523809,
        "recall_fpr": 0.802158273381295,
        "accuracy_fpr": 0.802158273381295,
        "roc_auc_fpr": 0.9127827458478315,
        "fpr_fpr": 0.050359712230215826,
        "tpr_fpr": 0.6546762589928058,
        "f1_human_fpr": 0.8275862068965517,
        "f1_ai_fpr": 0.7679324894514767,
        "threshold_fpr": 0.509142301103295,
        "n_samples_human": 2363,
        "n_samples_ai": 2363
    },
    "euro_court_cases": {
        "n_samples": 1506,
        "f1_score": 0.9953518252088747,
        "precision": 0.9953947368421052,
        "recall": 0.9953519256308101,
        "accuracy": 0.9953519256308101,
        "roc_auc": 0.999996472719128,
        "fpr": 0.0,
        "tpr": 0.9907038512616202,
        "f1_human": 0.9953734302709848,
        "f1_ai": 0.9953302201467645,
        "f1_score_median": 0.99867197875166,
        "precision_median": 0.99867197875166,
        "recall_median": 0.99867197875166,
        "accuracy_median": 0.99867197875166,
        "roc_auc_median": 0.999996472719128,
        "fpr_median": 0.0013280212483399733,
        "tpr_median": 0.99867197875166,
        "f1_human_median": 0.99867197875166,
        "f1_ai_median": 0.99867197875166,
        "threshold_median": 0.4949815720319748,
        "f1_score_mean": 0.998671976409504,
        "precision_mean": 0.9986754966887417,
        "recall_mean": 0.99867197875166,
        "accuracy_mean": 0.99867197875166,
        "roc_auc_mean": 0.999996472719128,
        "fpr_mean": 0.0,
        "tpr_mean": 0.99734395750332,
        "f1_human_mean": 0.9986737400530504,
        "f1_ai_mean": 0.9986702127659575,
        "threshold_mean": 0.49649767075006074,
        "f1_score_fpr": 0.9747515212265816,
        "precision_fpr": 0.9759797724399495,
        "recall_fpr": 0.9747675962815405,
        "accuracy_fpr": 0.9747675962815405,
        "roc_auc_fpr": 0.999996472719128,
        "fpr_fpr": 0.05046480743691899,
        "tpr_fpr": 1.0,
        "f1_human_fpr": 0.9741144414168937,
        "f1_ai_fpr": 0.9753886010362695,
        "threshold_fpr": 0.4838165268005128,
        "n_samples_human": 753,
        "n_samples_ai": 753
    },
    "house_of_commons": {
        "n_samples": 2386,
        "f1_score": 0.9212065428177959,
        "precision": 0.921217695453878,
        "recall": 0.9212070410729254,
        "accuracy": 0.9212070410729254,
        "roc_auc": 0.9672369346474159,
        "fpr": 0.08130762782900251,
        "tpr": 0.9237217099748533,
        "f1_human": 0.9210084033613445,
        "f1_ai": 0.9214046822742475,
        "f1_score_median": 0.9220452640402347,
        "precision_median": 0.9220452640402347,
        "recall_median": 0.9220452640402347,
        "accuracy_median": 0.9220452640402347,
        "roc_auc_median": 0.9672369346474159,
        "fpr_median": 0.07795473595976529,
        "tpr_median": 0.9220452640402347,
        "f1_human_median": 0.9220452640402347,
        "f1_ai_median": 0.9220452640402347,
        "threshold_median": 0.5000956356525421,
        "f1_score_mean": 0.9360749716748136,