{
    "blog_authorship_corpus": {
        "n_samples": 1832,
        "f1_score": 0.6106877355384895,
        "precision": 0.6387878787878788,
        "recall": 0.6222707423580786,
        "accuracy": 0.6222707423580786,
        "roc_auc": 0.7931246543734864,
        "fpr": 0.5502183406113537,
        "tpr": 0.7947598253275109,
        "f1_human": 0.5435356200527705,
        "f1_ai": 0.6778398510242085,
        "f1_score_median": 0.7368995633187773,
        "precision_median": 0.7368995633187773,
        "recall_median": 0.7368995633187773,
        "accuracy_median": 0.7368995633187773,
        "roc_auc_median": 0.7931246543734864,
        "fpr_median": 0.2631004366812227,
        "tpr_median": 0.7368995633187773,
        "f1_human_median": 0.7368995633187773,
        "f1_ai_median": 0.7368995633187773,
        "threshold_median": 0.5050729215145111,
        "f1_score_mean": 0.7314295249219327,
        "precision_mean": 0.731480775099176,
        "recall_mean": 0.7314410480349345,
        "accuracy_mean": 0.7314410480349345,
        "roc_auc_mean": 0.7931246543734864,
        "fpr_mean": 0.27510917030567683,
        "tpr_mean": 0.7379912663755459,
        "f1_human_mean": 0.7296703296703296,
        "f1_ai_mean": 0.7331887201735358,
        "threshold_mean": 0.5048985147287491,
        "f1_score_fpr": 0.7526923738701266,
        "precision_fpr": 0.8046841038788607,
        "recall_fpr": 0.7614628820960698,
        "accuracy_fpr": 0.7614628820960698,
        "roc_auc_fpr": 0.7931246543734864,
        "fpr_fpr": 0.05021834061135371,
        "tpr_fpr": 0.5731441048034934,
        "f1_human_fpr": 0.799265043638034,
        "f1_ai_fpr": 0.7061197041022192,
        "threshold_fpr": 0.5105928615971944,
        "n_samples_human": 916,
        "n_samples_ai": 916
    },
    "student_essays": {
        "n_samples": 14496,
        "f1_score": 0.5659493487802426,
        "precision": 0.7801957711786617,
        "recall": 0.6257588300220751,
        "accuracy": 0.6257588300220751,
        "roc_auc": 0.9455848309680619,
        "fpr": 0.7454470198675497,
        "tpr": 0.9969646799116998,
        "f1_human": 0.40482720789906745,
        "f1_ai": 0.7270714896614178,
        "f1_score_median": 0.8641004415011038,
        "precision_median": 0.8641004415011038,
        "recall_median": 0.8641004415011038,
        "accuracy_median": 0.8641004415011038,
        "roc_auc_median": 0.9455848309680619,
        "fpr_median": 0.13589955849889623,
        "tpr_median": 0.8641004415011038,
        "f1_human_median": 0.8641004415011038,
        "f1_ai_median": 0.8641004415011038,
        "threshold_median": 0.5102293491363525,
        "f1_score_mean": 0.8639963198352785,
        "precision_mean": 0.8644080423077974,
        "recall_mean": 0.8640314569536424,
        "accuracy_mean": 0.8640314569536424,
        "roc_auc_mean": 0.9455848309680619,
        "fpr_mean": 0.1520419426048565,
        "tpr_mean": 0.8801048565121413,
        "f1_human_mean": 0.8618102783425646,
        "f1_ai_mean": 0.8661823613279924,
        "threshold_mean": 0.5098565663036296,
        "f1_score_fpr": 0.8329980066832443,
        "precision_fpr": 0.8538225164455788,
        "recall_fpr": 0.8351959161147903,
        "accuracy_fpr": 0.8351959161147903,
        "roc_auc_fpr": 0.9455848309680619,
        "fpr_fpr": 0.05008278145695364,
        "tpr_fpr": 0.7204746136865342,
        "f1_human_fpr": 0.8521566928646575,
        "f1_ai_fpr": 0.8138393205018312,
        "threshold_fpr": 0.5129139902641705,
        "n_samples_human": 7248,
        "n_samples_ai": 7248
    },
    "cnn_news": {
        "n_samples": 4726,
        "f1_score": 0.5017929994160825,
        "precision": 0.7605775739709575,
        "recall": 0.5854845535336437,
        "accuracy": 0.5854845535336437,
        "roc_auc": 0.928828628118391,
        "fpr": 0.8243757934828607,
        "tpr": 0.9953449005501481,
        "f1_human": 0.29759770527070634,
        "f1_ai": 0.7059882935614588,
        "f1_score_median": 0.8616165890816758,
        "precision_median": 0.8616165890816758,
        "recall_median": 0.8616165890816758,
        "accuracy_median": 0.8616165890816758,
        "roc_auc_median": 0.928828628118391,
        "fpr_median": 0.13838341091832415,
        "tpr_median": 0.8616165890816758,
        "f1_human_median": 0.8616165890816758,
        "f1_ai_median": 0.8616165890816758,
        "threshold_median": 0.5110431611537933,
        "f1_score_mean": 0.8605368761165516,
        "precision_mean": 0.8607835294522432,
        "recall_mean": 0.8605586119339822,
        "accuracy_mean": 0.8605586119339822,
        "roc_auc_mean": 0.928828628118391,
        "fpr_mean": 0.15192551840880236,
        "tpr_mean": 0.8730427422767668,
        "f1_human_mean": 0.8587958002999786,
        "f1_ai_mean": 0.8622779519331244,
        "threshold_mean": 0.5107088722115192,
        "f1_score_fpr": 0.7949787799155776,
        "precision_fpr": 0.8294451157170741,
        "recall_fpr": 0.7996191282268303,
        "accuracy_fpr": 0.7996191282268303,
        "roc_auc_fpr": 0.928828628118391,
        "fpr_fpr": 0.04993652137113838,
        "tpr_fpr": 0.6491747778247989,
        "f1_human_fpr": 0.8258230641898106,
        "f1_ai_fpr": 0.764134495641345,
        "threshold_fpr": 0.5145132237831718,
        "n_samples_human": 2363,
        "n_samples_ai": 2363
    },
    "euro_court_cases": {
        "n_samples": 1506,
        "f1_score": 0.5692591022440583,
        "precision": 0.5711288942753262,
        "recall": 0.5703851261620186,
        "accuracy": 0.5703851261620186,
        "roc_auc": 0.6335887084684723,
        "fpr": 0.4807436918990704,
        "tpr": 0.6215139442231076,
        "f1_human": 0.5472358292512246,
        "f1_ai": 0.591282375236892,
        "f1_score_median": 0.5962815405046481,
        "precision_median": 0.5962815405046481,
        "recall_median": 0.5962815405046481,
        "accuracy_median": 0.5962815405046481,
        "roc_auc_median": 0.6335887084684723,
        "fpr_median": 0.4037184594953519,
        "tpr_median": 0.5962815405046481,
        "f1_human_median": 0.5962815405046481,
        "f1_ai_median": 0.5962815405046481,
        "threshold_median": 0.5005959570407867,
        "f1_score_mean": 0.608412755101365,
        "precision_mean": 0.6094399149237859,
        "recall_mean": 0.6088977423638778,
        "accuracy_mean": 0.6088977423638778,
        "roc_auc_mean": 0.6335887084684723,
        "fpr_mean": 0.3559096945551129,
        "tpr_mean": 0.5737051792828686,
        "f1_human_mean": 0.622193713919179,
        "f1_ai_mean": 0.5946317962835512,
        "threshold_mean": 0.5009142685023595,
        "f1_score_fpr": 0.6101869329983144,
        "precision_fpr": 0.7312653562653563,
        "recall_fpr": 0.6460823373173971,
        "accuracy_fpr": 0.6460823373173971,
        "roc_auc_fpr": 0.6335887084684723,
        "fpr_fpr": 0.05046480743691899,
        "tpr_fpr": 0.3426294820717131,
        "f1_human_fpr": 0.7284768211920529,
        "f1_ai_fpr": 0.4918970448045758,
        "threshold_fpr": 0.5043598985766984,
        "n_samples_human": 753,
        "n_samples_ai": 753
    },
    "house_of_commons": {
        "n_samples": 2386,
        "f1_score": 0.751275072329143,
        "precision": 0.8014099429502852,
        "recall": 0.7598491198658843,
        "accuracy": 0.7598491198658843,
        "roc_auc": 0.9209168599450974,
        "fpr": 0.4258172673931266,
        "tpr": 0.9455155071248952,
        "f1_human": 0.7050952135872363,
        "f1_ai": 0.7974549310710498,
        "f1_score_median": 0.8331936295054484,
        "precision_median": 0.8331936295054484,
        "recall_median": 0.8331936295054484,
        "accuracy_median": 0.8331936295054484,
        "roc_auc_median": 0.9209168599450974,
        "fpr_median": 0.16680637049455155,
        "tpr_median": 0.8331936295054484,
        "f1_human_median": 0.8331936295054484,
        "f1_ai_median": 0.8331936295054484,
        "threshold_median": 0.5036924481391907,