{
    "blog_authorship_corpus": {
        "n_samples": 1832,
        "f1_score": 0.7255167536662691,
        "precision": 0.7323478193002053,
        "recall": 0.7270742358078602,
        "accuracy": 0.7270742358078602,
        "roc_auc": 0.8526701435899392,
        "fpr": 0.3482532751091703,
        "tpr": 0.8024017467248908,
        "f1_human": 0.704840613931523,
        "f1_ai": 0.7461928934010152,
        "f1_score_median": 0.7685589519650655,
        "precision_median": 0.7685589519650655,
        "recall_median": 0.7685589519650655,
        "accuracy_median": 0.7685589519650655,
        "roc_auc_median": 0.8526701435899392,
        "fpr_median": 0.2314410480349345,
        "tpr_median": 0.7685589519650655,
        "f1_human_median": 0.7685589519650655,
        "f1_ai_median": 0.7685589519650655,
        "threshold_median": 0.506428986787796,
        "f1_score_mean": 0.7874858912481754,
        "precision_mean": 0.7886300339492996,
        "recall_mean": 0.7876637554585153,
        "accuracy_mean": 0.7876637554585153,
        "roc_auc_mean": 0.8526701435899392,
        "fpr_mean": 0.18340611353711792,
        "tpr_mean": 0.7587336244541485,
        "f1_human_mean": 0.793633952254642,
        "f1_ai_mean": 0.7813378302417088,
        "threshold_mean": 0.5090683668559035,
        "f1_score_fpr": 0.8167766806684488,
        "precision_fpr": 0.8430264361998537,
        "recall_fpr": 0.8198689956331878,
        "accuracy_fpr": 0.8198689956331878,
        "roc_auc_fpr": 0.8526701435899392,
        "fpr_fpr": 0.05021834061135371,
        "tpr_fpr": 0.6899563318777293,
        "f1_human_fpr": 0.8405797101449275,
        "f1_ai_fpr": 0.7929736511919699,
        "threshold_fpr": 0.5207870012092277,
        "n_samples_human": 916,
        "n_samples_ai": 916
    },
    "student_essays": {
        "n_samples": 14496,
        "f1_score": 0.809720341804025,
        "precision": 0.8608276242374576,
        "recall": 0.8156732891832229,
        "accuracy": 0.8156732891832229,
        "roc_auc": 0.9751944111704408,
        "fpr": 0.36120309050772625,
        "tpr": 0.9925496688741722,
        "f1_human": 0.7760643647334897,
        "f1_ai": 0.8433763188745603,
        "f1_score_median": 0.9165286975717439,
        "precision_median": 0.9165286975717439,
        "recall_median": 0.9165286975717439,
        "accuracy_median": 0.9165286975717439,
        "roc_auc_median": 0.9751944111704408,
        "fpr_median": 0.08347130242825607,
        "tpr_median": 0.9165286975717439,
        "f1_human_median": 0.9165286975717439,
        "f1_ai_median": 0.9165286975717439,
        "threshold_median": 0.5205607712268829,
        "f1_score_mean": 0.9165968053565541,
        "precision_mean": 0.9166152005199948,
        "recall_mean": 0.9165976821192053,
        "accuracy_mean": 0.9165976821192053,
        "roc_auc_mean": 0.9751944111704408,
        "fpr_mean": 0.08016004415011038,
        "tpr_mean": 0.9133554083885209,
        "f1_human_mean": 0.9168672213436018,
        "f1_ai_mean": 0.9163263893695065,
        "threshold_mean": 0.5208726265132592,
        "f1_score_fpr": 0.9042536907504986,
        "precision_fpr": 0.9079108649750046,
        "recall_fpr": 0.9044564017660044,
        "accuracy_fpr": 0.9044564017660044,
        "roc_auc_fpr": 0.9751944111704408,
        "fpr_fpr": 0.049530905077262696,
        "tpr_fpr": 0.8584437086092715,
        "f1_human_fpr": 0.9086592362988855,
        "f1_ai_fpr": 0.8998481452021115,
        "threshold_fpr": 0.5261817672320747,
        "n_samples_human": 7248,
        "n_samples_ai": 7248
    },
    "cnn_news": {
        "n_samples": 4726,
        "f1_score": 0.7884269401984897,
        "precision": 0.8532440103455778,
        "recall": 0.796868387642827,
        "accuracy": 0.796868387642827,
        "roc_auc": 0.9833809385739274,
        "fpr": 0.4028776978417266,
        "tpr": 0.9966144731273805,
        "f1_human": 0.7461660497091486,
        "f1_ai": 0.8306878306878307,
        "f1_score_median": 0.9365213711383834,
        "precision_median": 0.9365213711383834,
        "recall_median": 0.9365213711383834,
        "accuracy_median": 0.9365213711383834,
        "roc_auc_median": 0.9833809385739274,
        "fpr_median": 0.06347862886161659,
        "tpr_median": 0.9365213711383834,
        "f1_human_median": 0.9365213711383834,
        "f1_ai_median": 0.9365213711383834,
        "threshold_median": 0.5256604254245758,
        "f1_score_mean": 0.9322349837254986,
        "precision_mean": 0.9336840817325338,
        "recall_mean": 0.932289462547609,
        "accuracy_mean": 0.932289462547609,
        "roc_auc_mean": 0.9833809385739274,
        "fpr_mean": 0.09606432501057977,
        "tpr_mean": 0.9606432501057978,
        "f1_human_mean": 0.9303135888501742,
        "f1_ai_mean": 0.934156378600823,
        "threshold_mean": 0.5220016832201348,
        "f1_score_fpr": 0.9365097277414606,
        "precision_fpr": 0.9368418185080022,
        "recall_fpr": 0.9365213711383834,
        "accuracy_fpr": 0.9365213711383834,
        "roc_auc_fpr": 0.9833809385739274,
        "fpr_fpr": 0.04993652137113838,
        "tpr_fpr": 0.9229792636479052,
        "f1_human_fpr": 0.9373695198329853,
        "f1_ai_fpr": 0.9356499356499357,
        "threshold_fpr": 0.5277657759830299,
        "n_samples_human": 2363,
        "n_samples_ai": 2363
    },
    "euro_court_cases": {
        "n_samples": 1506,
        "f1_score": 0.9253273833240365,
        "precision": 0.932663192259494,
        "recall": 0.9256308100929614,
        "accuracy": 0.9256308100929614,
        "roc_auc": 0.9789474241149612,
        "fpr": 0.010624169986719787,
        "tpr": 0.8618857901726428,
        "f1_human": 0.9300873907615481,
        "f1_ai": 0.9205673758865248,
        "f1_score_median": 0.9296148738379814,
        "precision_median": 0.9296148738379814,
        "recall_median": 0.9296148738379814,
        "accuracy_median": 0.9296148738379814,
        "roc_auc_median": 0.9789474241149612,
        "fpr_median": 0.0703851261620186,
        "tpr_median": 0.9296148738379814,
        "f1_human_median": 0.9296148738379814,
        "f1_ai_median": 0.9296148738379814,
        "threshold_median": 0.4933135658502579,
        "f1_score_mean": 0.9253399433427761,
        "precision_mean": 0.9323686383970562,
        "recall_mean": 0.9256308100929614,
        "accuracy_mean": 0.9256308100929614,
        "roc_auc_mean": 0.9789474241149612,
        "fpr_mean": 0.01195219123505976,
        "tpr_mean": 0.8632138114209827,
        "f1_human_mean": 0.93,
        "f1_ai_mean": 0.9206798866855525,
        "threshold_mean": 0.49974497177132254,
        "f1_score_fpr": 0.9315849154966662,
        "precision_fpr": 0.9321625344352618,
        "recall_fpr": 0.9316069057104913,
        "accuracy_fpr": 0.9316069057104913,
        "roc_auc_fpr": 0.9789474241149612,
        "fpr_fpr": 0.05046480743691899,
        "tpr_fpr": 0.9136786188579017,
        "f1_human_fpr": 0.9328114807566862,
        "f1_ai_fpr": 0.9303583502366464,
        "threshold_fpr": 0.49488885017980144,
        "n_samples_human": 753,
        "n_samples_ai": 753
    },
    "house_of_commons": {
        "n_samples": 2386,
        "f1_score": 0.9777867753163362,
        "precision": 0.9778142847506409,
        "recall": 0.9777870913663035,
        "accuracy": 0.9777870913663035,
        "roc_auc": 0.9976174232337419,
        "fpr": 0.018440905280804692,
        "tpr": 0.9740150880134115,
        "f1_human": 0.9778705636743215,
        "f1_ai": 0.9777029869583509,
        "f1_score_median": 0.9798826487845766,
        "precision_median": 0.9798826487845766,
        "recall_median": 0.9798826487845766,
        "accuracy_median": 0.9798826487845766,
        "roc_auc_median": 0.9976174232337419,
        "fpr_median": 0.020117351215423303,
        "tpr_median": 0.9798826487845766,
        "f1_human_median": 0.9798826487845766,
        "f1_ai_median": 0.9798826487845766,
        "threshold_median": 0.4983355551958084,