{
    "blog_authorship_corpus": {
        "n_samples": 1832,
        "f1_score": 0.40318119894111915,
        "precision": 0.7279076152235836,
        "recall": 0.5316593886462883,
        "accuracy": 0.5316593886462883,
        "roc_auc": 0.908214707957514,
        "fpr": 0.9323144104803494,
        "tpr": 0.9956331877729258,
        "f1_human": 0.12627291242362526,
        "f1_ai": 0.680089485458613,
        "f1_score_median": 0.8406113537117904,
        "precision_median": 0.8406113537117904,
        "recall_median": 0.8406113537117904,
        "accuracy_median": 0.8406113537117904,
        "roc_auc_median": 0.908214707957514,
        "fpr_median": 0.15938864628820962,
        "tpr_median": 0.8406113537117904,
        "f1_human_median": 0.8406113537117904,
        "f1_ai_median": 0.8406113537117904,
        "threshold_median": 0.5364954769611359,
        "f1_score_mean": 0.8400643108468835,
        "precision_mean": 0.8400756348692717,
        "recall_mean": 0.8400655021834061,
        "accuracy_mean": 0.8400655021834061,
        "roc_auc_mean": 0.908214707957514,
        "fpr_mean": 0.16266375545851527,
        "tpr_mean": 0.8427947598253275,
        "f1_human_mean": 0.8396278051450465,
        "f1_ai_mean": 0.8405008165487208,
        "threshold_mean": 0.535986668466871,
        "f1_score_fpr": 0.8103613507646569,
        "precision_fpr": 0.8389077993192245,
        "recall_fpr": 0.8138646288209607,
        "accuracy_fpr": 0.8138646288209607,
        "roc_auc_fpr": 0.908214707957514,
        "fpr_fpr": 0.05021834061135371,
        "tpr_fpr": 0.6779475982532751,
        "f1_human_fpr": 0.8361364728495916,
        "f1_ai_fpr": 0.784586228679722,
        "threshold_fpr": 0.5455336933833543,
        "n_samples_human": 916,
        "n_samples_ai": 916
    },
    "student_essays": {
        "n_samples": 14496,
        "f1_score": 0.34481507009892504,
        "precision": 0.738462605503804,
        "recall": 0.5051048565121413,
        "accuracy": 0.5051048565121413,
        "roc_auc": 0.984494809255442,
        "fpr": 0.989514348785872,
        "tpr": 0.9997240618101545,
        "f1_human": 0.02074802074802075,
        "f1_ai": 0.6688821194498292,
        "f1_score_median": 0.9380518763796909,
        "precision_median": 0.9380518763796909,
        "recall_median": 0.9380518763796909,
        "accuracy_median": 0.9380518763796909,
        "roc_auc_median": 0.984494809255442,
        "fpr_median": 0.06194812362030905,
        "tpr_median": 0.9380518763796909,
        "f1_human_median": 0.9380518763796909,
        "f1_ai_median": 0.9380518763796909,
        "threshold_median": 0.5458188354969025,
        "f1_score_mean": 0.934447024691712,
        "precision_mean": 0.9368431240374868,
        "recall_mean": 0.9345336644591612,
        "accuracy_mean": 0.9345336644591612,
        "roc_auc_mean": 0.984494809255442,
        "fpr_mean": 0.10182119205298014,
        "tpr_mean": 0.9708885209713024,
        "f1_human_mean": 0.9320638556804353,
        "f1_ai_mean": 0.9368301937029887,
        "threshold_mean": 0.5431551408869673,
        "f1_score_fpr": 0.9352775870195701,
        "precision_fpr": 0.935693906598718,
        "recall_fpr": 0.9352924944812362,
        "accuracy_fpr": 0.9352924944812362,
        "roc_auc_fpr": 0.984494809255442,
        "fpr_fpr": 0.049530905077262696,
        "tpr_fpr": 0.9201158940397351,
        "f1_human_fpr": 0.9362598532209839,
        "f1_ai_fpr": 0.9342953208181564,
        "threshold_fpr": 0.5468573977360728,
        "n_samples_human": 7248,
        "n_samples_ai": 7248
    },
    "cnn_news": {
        "n_samples": 4726,
        "f1_score": 0.3486652451743079,
        "precision": 0.7517579373535052,
        "recall": 0.5069826491747779,
        "accuracy": 0.5069826491747779,
        "roc_auc": 0.939875736263445,
        "fpr": 0.9860347016504444,
        "tpr": 1.0,
        "f1_human": 0.027545909849749584,
        "f1_ai": 0.6697845804988662,
        "f1_score_median": 0.8696572154041473,
        "precision_median": 0.8696572154041473,
        "recall_median": 0.8696572154041473,
        "accuracy_median": 0.8696572154041473,
        "roc_auc_median": 0.939875736263445,
        "fpr_median": 0.13034278459585272,
        "tpr_median": 0.8696572154041473,
        "f1_human_median": 0.8696572154041473,
        "f1_ai_median": 0.8696572154041473,
        "threshold_median": 0.5348239839076996,
        "f1_score_mean": 0.8696563750451535,
        "precision_mean": 0.869666748751931,
        "recall_mean": 0.8696572154041473,
        "accuracy_mean": 0.8696572154041473,
        "roc_auc_mean": 0.939875736263445,
        "fpr_mean": 0.1328819297503174,
        "tpr_mean": 0.8721963605586119,
        "f1_human_mean": 0.869325413661434,
        "f1_ai_mean": 0.8699873364288729,
        "threshold_mean": 0.5347282356356747,
        "f1_score_fpr": 0.7906027361672522,
        "precision_fpr": 0.8267864401155524,
        "recall_fpr": 0.7955988150655946,
        "accuracy_fpr": 0.7955988150655946,
        "roc_auc_fpr": 0.939875736263445,
        "fpr_fpr": 0.04993652137113838,
        "tpr_fpr": 0.6411341515023276,
        "f1_human_fpr": 0.8229472140762464,
        "f1_ai_fpr": 0.7582582582582582,
        "threshold_fpr": 0.5438150301027036,
        "n_samples_human": 2363,
        "n_samples_ai": 2363
    },
    "euro_court_cases": {
        "n_samples": 1506,
        "f1_score": 0.3333333333333333,
        "precision": 0.25,
        "recall": 0.5,
        "accuracy": 0.5,
        "roc_auc": 0.8205522310933335,
        "fpr": 1.0,
        "tpr": 1.0,
        "f1_human": 0.0,
        "f1_ai": 0.6666666666666666,
        "f1_score_median": 0.7357237715803453,
        "precision_median": 0.7357237715803453,
        "recall_median": 0.7357237715803453,
        "accuracy_median": 0.7357237715803453,
        "roc_auc_median": 0.8205522310933335,
        "fpr_median": 0.2642762284196547,
        "tpr_median": 0.7357237715803453,
        "f1_human_median": 0.7357237715803453,
        "f1_ai_median": 0.7357237715803453,
        "threshold_median": 0.5398085117340088,
        "f1_score_mean": 0.7383779684482501,
        "precision_mean": 0.738386540927313,
        "recall_mean": 0.7383798140770252,
        "accuracy_mean": 0.7383798140770252,
        "roc_auc_mean": 0.8205522310933335,
        "fpr_mean": 0.2642762284196547,
        "tpr_mean": 0.7410358565737052,
        "f1_human_mean": 0.7376830892143809,
        "f1_ai_mean": 0.7390728476821192,
        "threshold_mean": 0.539800828236191,
        "f1_score_fpr": 0.6411458253586685,
        "precision_fpr": 0.7468535064601143,
        "recall_fpr": 0.6693227091633466,
        "accuracy_fpr": 0.6693227091633466,
        "roc_auc_fpr": 0.8205522310933335,
        "fpr_fpr": 0.05046480743691899,
        "tpr_fpr": 0.3891102257636122,
        "f1_human_fpr": 0.741701244813278,
        "f1_ai_fpr": 0.540590405904059,
        "threshold_fpr": 0.5459999872710442,
        "n_samples_human": 753,
        "n_samples_ai": 753
    },
    "house_of_commons": {
        "n_samples": 2386,
        "f1_score": 0.3333333333333333,
        "precision": 0.25,
        "recall": 0.5,
        "accuracy": 0.5,
        "roc_auc": 0.9731157373024679,
        "fpr": 1.0,
        "tpr": 1.0,
        "f1_human": 0.0,
        "f1_ai": 0.6666666666666666,
        "f1_score_median": 0.9170159262363788,
        "precision_median": 0.9170159262363788,
        "recall_median": 0.9170159262363788,
        "accuracy_median": 0.9170159262363788,
        "roc_auc_median": 0.9731157373024679,
        "fpr_median": 0.08298407376362113,
        "tpr_median": 0.9170159262363788,
        "f1_human_median": 0.9170159262363788,
        "f1_ai_median": 0.9170159262363788,
        "threshold_median": 0.5452138483524323,
        "f1_score_mean": 0.9149149734701065,
        "precision_mean": 0.9150256379982121,
        "recall_mean": 0.9149203688181056,
        "accuracy_mean": 0.9149203688181056,