{
    "blog_authorship_corpus": {
        "n_samples": 1832,
        "f1_score": 0.7457495349827369,
        "precision": 0.8251535212533325,
        "recall": 0.7587336244541485,
        "accuracy": 0.7587336244541485,
        "roc_auc": 0.9781134989798059,
        "fpr": 0.4672489082969432,
        "tpr": 0.9847161572052402,
        "f1_human": 0.688293370944993,
        "f1_ai": 0.8032056990204809,
        "f1_score_median": 0.9290393013100436,
        "precision_median": 0.9290393013100436,
        "recall_median": 0.9290393013100436,
        "accuracy_median": 0.9290393013100436,
        "roc_auc_median": 0.9781134989798059,
        "fpr_median": 0.07096069868995633,
        "tpr_median": 0.9290393013100436,
        "f1_human_median": 0.9290393013100436,
        "f1_ai_median": 0.9290393013100436,
        "threshold_median": 0.7331970632076263,
        "f1_score_mean": 0.9136145123417219,
        "precision_mean": 0.9164735238369441,
        "recall_mean": 0.9137554585152838,
        "accuracy_mean": 0.9137554585152838,
        "roc_auc_mean": 0.9781134989798059,
        "fpr_mean": 0.12663755458515283,
        "tpr_mean": 0.9541484716157205,
        "f1_human_mean": 0.9101251422070534,
        "f1_ai_mean": 0.9171038824763903,
        "threshold_mean": 0.6819138434312945,
        "f1_score_fpr": 0.931746412588465,
        "precision_fpr": 0.9323296740802441,
        "recall_fpr": 0.9317685589519651,
        "accuracy_fpr": 0.9317685589519651,
        "roc_auc_fpr": 0.9781134989798059,
        "fpr_fpr": 0.05021834061135371,
        "tpr_fpr": 0.9137554585152838,
        "f1_human_fpr": 0.9329758713136729,
        "f1_ai_fpr": 0.9305169538632574,
        "threshold_fpr": 0.7559423320662377,
        "n_samples_human": 916,
        "n_samples_ai": 916
    },
    "student_essays": {
        "n_samples": 14496,
        "f1_score": 0.9899273165530916,
        "precision": 0.9901111141917768,
        "recall": 0.9899282560706402,
        "accuracy": 0.9899282560706402,
        "roc_auc": 0.9999551714654328,
        "fpr": 0.019729580573951435,
        "tpr": 0.9995860927152318,
        "f1_human": 0.9898300362217888,
        "f1_ai": 0.9900245968843946,
        "f1_score_median": 0.9978614790185206,
        "precision_median": 0.9978614885057256,
        "recall_median": 0.9978614790286976,
        "accuracy_median": 0.9978614790286976,
        "roc_auc_median": 0.9999551714654328,
        "fpr_median": 0.002207505518763797,
        "tpr_median": 0.9979304635761589,
        "f1_human_median": 0.9978613314936184,
        "f1_ai_median": 0.9978616265434228,
        "threshold_median": 0.6396884918212891,
        "f1_score_mean": 0.9943431116160303,
        "precision_mean": 0.9943976255740586,
        "recall_mean": 0.9943432671081678,
        "accuracy_mean": 0.9943432671081678,
        "roc_auc_mean": 0.9999551714654328,
        "fpr_mean": 0.010899558498896247,
        "tpr_mean": 0.9995860927152318,
        "f1_human_mean": 0.9943134535367545,
        "f1_ai_mean": 0.9943727696953061,
        "threshold_mean": 0.539115236550763,
        "f1_score_fpr": 0.9748741283611865,
        "precision_fpr": 0.9760640733942264,
        "recall_fpr": 0.9748896247240618,
        "accuracy_fpr": 0.9748896247240618,
        "roc_auc_fpr": 0.9999551714654328,
        "fpr_fpr": 0.0499448123620309,
        "tpr_fpr": 0.9997240618101545,
        "f1_human_fpr": 0.9742501414827391,
        "f1_ai_fpr": 0.9754981152396338,
        "threshold_fpr": 0.41015864619805975,
        "n_samples_human": 7248,
        "n_samples_ai": 7248
    },
    "cnn_news": {
        "n_samples": 4726,
        "f1_score": 0.706009675582473,
        "precision": 0.8228535584405031,
        "recall": 0.7276766821836649,
        "accuracy": 0.7276766821836649,
        "roc_auc": 0.9883179264758267,
        "fpr": 0.5438002539145155,
        "tpr": 0.9991536182818451,
        "f1_human": 0.6261980830670927,
        "f1_ai": 0.7858212680978532,
        "f1_score_median": 0.946677951756242,
        "precision_median": 0.946677951756242,
        "recall_median": 0.946677951756242,
        "accuracy_median": 0.946677951756242,
        "roc_auc_median": 0.9883179264758267,
        "fpr_median": 0.053322048243757934,
        "tpr_median": 0.946677951756242,
        "f1_human_median": 0.946677951756242,
        "f1_ai_median": 0.946677951756242,
        "threshold_median": 0.6996118724346161,
        "f1_score_mean": 0.9453839261286275,
        "precision_mean": 0.9462074944261234,
        "recall_mean": 0.9454083791790098,
        "accuracy_mean": 0.9454083791790098,
        "roc_auc_mean": 0.9883179264758267,
        "fpr_mean": 0.07575116377486246,
        "tpr_mean": 0.9665679221328819,
        "f1_human_mean": 0.9442282749675746,
        "f1_ai_mean": 0.9465395772896809,
        "threshold_mean": 0.6761580664937243,
        "f1_score_fpr": 0.9447722848374763,
        "precision_fpr": 0.9448157342331692,
        "recall_fpr": 0.9447735928903935,
        "accuracy_fpr": 0.9447735928903935,
        "roc_auc_fpr": 0.9883179264758267,
        "fpr_fpr": 0.050359712230215826,
        "tpr_fpr": 0.9399068980110029,
        "f1_human_fpr": 0.9450410612760581,
        "f1_ai_fpr": 0.9445035083988943,
        "threshold_fpr": 0.7046785725219947,
        "n_samples_human": 2363,
        "n_samples_ai": 2363
    },
    "euro_court_cases": {
        "n_samples": 1506,
        "f1_score": 0.8755153350577073,
        "precision": 0.898175318388322,
        "recall": 0.8771580345285525,
        "accuracy": 0.8771580345285525,
        "roc_auc": 0.9796934440194072,
        "fpr": 0.23771580345285526,
        "tpr": 0.9920318725099602,
        "f1_human": 0.8612153038259565,
        "f1_ai": 0.889815366289458,
        "f1_score_median": 0.9243027888446215,
        "precision_median": 0.9243027888446215,
        "recall_median": 0.9243027888446215,
        "accuracy_median": 0.9243027888446215,
        "roc_auc_median": 0.9796934440194072,
        "fpr_median": 0.07569721115537849,
        "tpr_median": 0.9243027888446215,
        "f1_human_median": 0.9243027888446215,
        "f1_ai_median": 0.9243027888446215,
        "threshold_median": 0.5552026927471161,
        "f1_score_mean": 0.9249667663858804,
        "precision_mean": 0.9249675489587449,
        "recall_mean": 0.9249667994687915,
        "accuracy_mean": 0.9249667994687915,
        "roc_auc_mean": 0.9796934440194072,
        "fpr_mean": 0.07436918990703852,
        "tpr_mean": 0.9243027888446215,
        "f1_human_mean": 0.9250165892501659,
        "f1_ai_mean": 0.9249169435215947,
        "threshold_mean": 0.5552746176541564,
        "f1_score_fpr": 0.9182470682889736,
        "precision_fpr": 0.9199628186968839,
        "recall_fpr": 0.9183266932270916,
        "accuracy_fpr": 0.9183266932270916,
        "roc_auc_fpr": 0.9796934440194072,
        "fpr_fpr": 0.05046480743691899,
        "tpr_fpr": 0.8871181938911022,
        "f1_human_fpr": 0.9207984546039922,
        "f1_ai_fpr": 0.9156956819739548,
        "threshold_fpr": 0.5702686554209329,
        "n_samples_human": 753,
        "n_samples_ai": 753
    },
    "house_of_commons": {
        "n_samples": 2386,
        "f1_score": 0.6090031629344305,
        "precision": 0.7933003582781386,
        "recall": 0.6550712489522212,
        "accuracy": 0.6550712489522212,
        "roc_auc": 0.9915601556719871,
        "fpr": 0.6881810561609388,
        "tpr": 0.9983235540653814,
        "f1_human": 0.47479259731971923,
        "f1_ai": 0.7432137285491419,
        "f1_score_median": 0.9580888516345348,
        "precision_median": 0.9580888516345348,
        "recall_median": 0.9580888516345348,
        "accuracy_median": 0.9580888516345348,
        "roc_auc_median": 0.9915601556719871,
        "fpr_median": 0.041911148365465216,
        "tpr_median": 0.9580888516345348,
        "f1_human_median": 0.9580888516345348,
        "f1_ai_median": 0.9580888516345348,
        "threshold_median": 0.7064290046691895,