{
    "eval_loss": 0.30397963523864746,
    "eval_n_samples": 14202,
    "eval_f1_score": 0.8735459444392827,
    "eval_precision": 0.8752682617392126,
    "eval_recall": 0.8736797634136038,
    "eval_accuracy": 0.5,
    "eval_roc_auc": 0.9451188230032639,
    "eval_fpr": 0.1588508660752007,
    "eval_tpr": 0.9062103929024081,
    "eval_f1_human": 0.8694323144104803,
    "eval_f1_ai": 0.8776595744680851,
    "eval_f1_score_median": 0.8711449091677228,
    "eval_precision_median": 0.8711449091677228,
    "eval_recall_median": 0.8711449091677228,
    "eval_accuracy_median": 0.5,
    "eval_roc_auc_median": 0.9451188230032639,
    "eval_fpr_median": 0.12885509083227714,
    "eval_tpr_median": 0.8711449091677228,
    "eval_f1_human_median": 0.8711449091677228,
    "eval_f1_ai_median": 0.8711449091677228,
    "eval_threshold_median": 0.5766303539276123,
    "eval_f1_score_mean": 0.8749591740045158,
    "eval_precision_mean": 0.8757198695520314,
    "eval_recall_mean": 0.8750176031544853,
    "eval_accuracy_mean": 0.5,
    "eval_roc_auc_mean": 0.9451188230032639,
    "eval_fpr_mean": 0.14659907055344318,
    "eval_tpr_mean": 0.8966342768624137,
    "eval_f1_human_mean": 0.8722562072688017,
    "eval_f1_ai_mean": 0.8776621407402302,
    "eval_threshold_mean": 0.525721549987793,
    "eval_f1_score_fpr": 0.8253012631551949,
    "eval_precision_fpr": 0.8487555869738151,
    "eval_recall_fpr": 0.827911561751866,
    "eval_accuracy_fpr": 0.5,
    "eval_roc_auc_fpr": 0.9451188230032639,
    "eval_fpr_fpr": 0.04985213350232361,
    "eval_tpr_fpr": 0.7056752570060555,
    "eval_f1_human_fpr": 0.8466557911908646,
    "eval_f1_ai_fpr": 0.8039467351195251,
    "eval_threshold_fpr": 0.8099789497903024,
    "eval_n_samples_human": 7101,
    "eval_n_samples_ai": 7101,
    "eval_runtime": 23.7739,
    "eval_samples_per_second": 597.378,
    "eval_steps_per_second": 0.589,
    "epoch": 1.3839716768587063
}