{
    "unmatched_loss": 0.6829125285148621,
    "unmatched_n_samples": 87421,
    "unmatched_f1_score": 0.6762415121551103,
    "unmatched_precision": 0.6825164385626034,
    "unmatched_recall": 0.6808432756431521,
    "unmatched_accuracy": 0.5088836888889191,
    "unmatched_roc_auc": 0.7533413621575541,
    "unmatched_fpr": 0.21570678393032489,
    "unmatched_tpr": 0.5614048059149723,
    "unmatched_f1_human": 0.7247960703470996,
    "unmatched_f1_ai": 0.6201826869410147,
    "unmatched_f1_score_mean": 0.6813892000066506,
    "unmatched_precision_mean": 0.6812800577008499,
    "unmatched_recall_mean": 0.6815639262877341,
    "unmatched_accuracy_mean": 0.5030700893158353,
    "unmatched_roc_auc_mean": 0.7533413621575541,
    "unmatched_fpr_mean": 0.2906544849079964,
    "unmatched_tpr_mean": 0.6494886013555144,
    "unmatched_f1_human_mean": 0.7047869520032238,
    "unmatched_f1_ai_mean": 0.654375248311482,
    "unmatched_threshold_mean": 0.4076409339904785,
    "unmatched_f1_score_fpr": 0.5783012758869209,
    "unmatched_precision_fpr": 0.7012467795618064,
    "unmatched_recall_fpr": 0.6312213312590796,
    "unmatched_accuracy_fpr": 0.5251880253063045,
    "unmatched_roc_auc_fpr": 0.7533413621575541,
    "unmatched_fpr_fpr": 0.049929556418904494,
    "unmatched_tpr_fpr": 0.26309303758471964,
    "unmatched_f1_human_fpr": 0.7341179187319077,
    "unmatched_f1_ai_fpr": 0.3984026572617515,
    "unmatched_threshold_fpr": 0.831412033578107,
    "unmatched_n_samples_human": 46846,
    "unmatched_n_samples_ai": 40575,
    "unmatched_runtime": 162.1811,
    "unmatched_samples_per_second": 539.033,
    "unmatched_steps_per_second": 0.53,
    "epoch": 1.3839716768587063
}