{
    "unmatched_loss": 1.029529094696045,
    "unmatched_n_samples": 15237,
    "unmatched_f1_score": 0.7245850847129748,
    "unmatched_precision": 0.797624567084883,
    "unmatched_recall": 0.7398438012732165,
    "unmatched_accuracy": 0.5055673938436741,
    "unmatched_roc_auc": 0.8848339761707855,
    "unmatched_fpr": 0.036158481856648286,
    "unmatched_tpr": 0.5049744554987899,
    "unmatched_f1_human": 0.7913464575218444,
    "unmatched_f1_ai": 0.6545834785639596,
    "unmatched_f1_score_mean": 0.7587178191537817,
    "unmatched_precision_mean": 0.8016598586471901,
    "unmatched_recall_mean": 0.7669488744503511,
    "unmatched_accuracy_mean": 0.5043747696073668,
    "unmatched_roc_auc_mean": 0.8848339761707855,
    "unmatched_fpr_mean": 0.05885369919220413,
    "unmatched_tpr_mean": 0.5842968539930089,
    "unmatched_f1_human_mean": 0.8052218748285886,
    "unmatched_f1_ai_mean": 0.70995670995671,
    "unmatched_threshold_mean": 0.27911943197250366,
    "unmatched_f1_score_fpr": 0.7464639654254034,
    "unmatched_precision_fpr": 0.7995358670469522,
    "unmatched_recall_fpr": 0.7569731574456914,
    "unmatched_accuracy_fpr": 0.5048194769497187,
    "unmatched_roc_auc_fpr": 0.8848339761707855,
    "unmatched_fpr_fpr": 0.05026285421207847,
    "unmatched_tpr_fpr": 0.5548534552299005,
    "unmatched_f1_human_fpr": 0.8000216017713453,
    "unmatched_f1_ai_fpr": 0.6903069331772184,
    "unmatched_threshold_fpr": 0.35628503554141555,
    "unmatched_n_samples_human": 7799,
    "unmatched_n_samples_ai": 7438,
    "unmatched_runtime": 26.5971,
    "unmatched_samples_per_second": 572.881,
    "unmatched_steps_per_second": 0.564,
    "epoch": 10.0
}