{
    "eval_loss": 0.14401067793369293,
    "eval_n_samples": 1192,
    "eval_f1_score": 0.9538353748059164,
    "eval_precision": 0.9547924183397417,
    "eval_recall": 0.9538590604026845,
    "eval_accuracy": 0.5,
    "eval_roc_auc": 0.989032025584433,
    "eval_fpr": 0.02348993288590604,
    "eval_tpr": 0.9312080536912751,
    "eval_f1_human": 0.9548810500410172,
    "eval_f1_ai": 0.9527896995708155,
    "eval_f1_score_median": 0.9496644295302014,
    "eval_precision_median": 0.9496644295302014,
    "eval_recall_median": 0.9496644295302014,
    "eval_accuracy_median": 0.5,
    "eval_roc_auc_median": 0.989032025584433,
    "eval_fpr_median": 0.050335570469798654,
    "eval_tpr_median": 0.9496644295302014,
    "eval_f1_human_median": 0.9496644295302014,
    "eval_f1_ai_median": 0.9496644295302014,
    "eval_threshold_median": 0.2518533170223236,
    "eval_f1_score_mean": 0.9538353748059164,
    "eval_precision_mean": 0.9547924183397417,
    "eval_recall_mean": 0.9538590604026845,
    "eval_accuracy_mean": 0.5,
    "eval_roc_auc_mean": 0.989032025584433,
    "eval_fpr_mean": 0.02348993288590604,
    "eval_tpr_mean": 0.9312080536912751,
    "eval_f1_human_mean": 0.9548810500410172,
    "eval_f1_ai_mean": 0.9527896995708155,
    "eval_threshold_mean": 0.48187488317489624,
    "eval_f1_score_fpr": 0.9505033208690774,
    "eval_precision_fpr": 0.9505046239601368,
    "eval_recall_fpr": 0.950503355704698,
    "eval_accuracy_fpr": 0.5,
    "eval_roc_auc_fpr": 0.989032025584433,
    "eval_fpr_fpr": 0.050335570469798654,
    "eval_tpr_fpr": 0.9513422818791947,
    "eval_f1_human_fpr": 0.9504617968094039,
    "eval_f1_ai_fpr": 0.950544844928751,
    "eval_threshold_fpr": 0.2468037701293126,
    "eval_n_samples_human": 596,
    "eval_n_samples_ai": 596,
    "eval_runtime": 2.0668,
    "eval_samples_per_second": 576.75,
    "eval_steps_per_second": 0.968,
    "epoch": 10.0
}