{
    "unmatched_loss": 0.6816003322601318,
    "unmatched_n_samples": 24280,
    "unmatched_f1_score": 0.6339239585224097,
    "unmatched_precision": 0.6513118434823539,
    "unmatched_recall": 0.6534184514003295,
    "unmatched_accuracy": 0.537237629902646,
    "unmatched_roc_auc": 0.6951714373397573,
    "unmatched_fpr": 0.16134777033765493,
    "unmatched_tpr": 0.3995313415348565,
    "unmatched_f1_human": 0.7367103657582679,
    "unmatched_f1_ai": 0.49304174950298213,
    "unmatched_f1_score_mean": 0.6440298966476438,
    "unmatched_precision_mean": 0.6444623662782957,
    "unmatched_recall_mean": 0.6436573311367381,
    "unmatched_accuracy_mean": 0.51115261542303,
    "unmatched_roc_auc_mean": 0.6951714373397573,
    "unmatched_fpr_mean": 0.3140760792135632,
    "unmatched_tpr_mean": 0.5857254442491701,
    "unmatched_f1_human_mean": 0.6900035829451809,
    "unmatched_f1_ai_mean": 0.5810169491525424,
    "unmatched_threshold_mean": 0.3605179786682129,
    "unmatched_f1_score_fpr": 0.5693049311371855,
    "unmatched_precision_fpr": 0.6752419289697075,
    "unmatched_recall_fpr": 0.6354612850082373,
    "unmatched_accuracy_fpr": 0.5602640460416503,
    "unmatched_roc_auc_fpr": 0.6951714373397573,
    "unmatched_fpr_fpr": 0.04950847699102436,
    "unmatched_tpr_fpr": 0.20367115797695762,
    "unmatched_f1_human_fpr": 0.750935644539494,
    "unmatched_f1_ai_fpr": 0.32035629271289257,
    "unmatched_threshold_fpr": 0.7164205248699957,
    "unmatched_n_samples_human": 14038,
    "unmatched_n_samples_ai": 10242,
    "unmatched_runtime": 48.1148,
    "unmatched_samples_per_second": 504.626,
    "unmatched_steps_per_second": 0.499,
    "epoch": 10.0
}