{
    "eval_loss": 0.4100099205970764,
    "eval_n_samples": 914,
    "eval_f1_score": 0.8061765949773981,
    "eval_precision": 0.8074187968479724,
    "eval_recall": 0.8063457330415755,
    "eval_accuracy": 0.5,
    "eval_roc_auc": 0.89350679198847,
    "eval_fpr": 0.16411378555798686,
    "eval_tpr": 0.7768052516411379,
    "eval_f1_human": 0.8119022316684378,
    "eval_f1_ai": 0.8004509582863585,
    "eval_f1_score_median": 0.8052516411378556,
    "eval_precision_median": 0.8052516411378556,
    "eval_recall_median": 0.8052516411378556,
    "eval_accuracy_median": 0.5,
    "eval_roc_auc_median": 0.89350679198847,
    "eval_fpr_median": 0.19474835886214442,
    "eval_tpr_median": 0.8052516411378556,
    "eval_f1_human_median": 0.8052516411378556,
    "eval_f1_ai_median": 0.8052516411378556,
    "eval_threshold_median": 0.46731945872306824,
    "eval_f1_score_mean": 0.8084511427664709,
    "eval_precision_mean": 0.8090681478070679,
    "eval_recall_mean": 0.8085339168490153,
    "eval_accuracy_mean": 0.5,
    "eval_roc_auc_mean": 0.89350679198847,
    "eval_fpr_mean": 0.17067833698030635,
    "eval_tpr_mean": 0.787746170678337,
    "eval_f1_human_mean": 0.812433011789925,
    "eval_f1_ai_mean": 0.8044692737430168,
    "eval_threshold_mean": 0.49122217297554016,
    "eval_f1_score_fpr": 0.7402476965418212,
    "eval_precision_fpr": 0.7977749324228198,
    "eval_recall_fpr": 0.75054704595186,
    "eval_accuracy_fpr": 0.5,
    "eval_roc_auc_fpr": 0.89350679198847,
    "eval_fpr_fpr": 0.05032822757111598,
    "eval_tpr_fpr": 0.5514223194748359,
    "eval_f1_human_fpr": 0.791970802919708,
    "eval_f1_ai_fpr": 0.6885245901639344,
    "eval_threshold_fpr": 0.7502048751196664,
    "eval_n_samples_human": 457,
    "eval_n_samples_ai": 457,
    "eval_runtime": 1.6481,
    "eval_samples_per_second": 554.575,
    "eval_steps_per_second": 0.607,
    "epoch": 10.0
}