{
    "test_loss": 0.41004979610443115,
    "test_n_samples": 1832,
    "test_f1_score": 0.7960180693454265,
    "test_precision": 0.7986185407323355,
    "test_recall": 0.7963973799126638,
    "test_accuracy": 0.5,
    "test_roc_auc": 0.8930131004366813,
    "test_fpr": 0.16048034934497818,
    "test_tpr": 0.7532751091703057,
    "test_f1_human": 0.8048142333856619,
    "test_f1_ai": 0.7872219053051911,
    "test_f1_score_median": 0.7991266375545851,
    "test_precision_median": 0.7991266375545851,
    "test_recall_median": 0.7991266375545851,
    "test_accuracy_median": 0.5,
    "test_roc_auc_median": 0.8930131004366813,
    "test_fpr_median": 0.20087336244541484,
    "test_tpr_median": 0.7991266375545851,
    "test_f1_human_median": 0.7991266375545851,
    "test_f1_ai_median": 0.7991266375545851,
    "test_threshold_median": 0.44945526123046875,
    "test_f1_score_mean": 0.7951342139281896,
    "test_precision_mean": 0.7962976249840059,
    "test_recall_mean": 0.7953056768558951,
    "test_accuracy_mean": 0.5,
    "test_roc_auc_mean": 0.8930131004366813,
    "test_fpr_mean": 0.17576419213973798,
    "test_tpr_mean": 0.7663755458515283,
    "test_f1_human_mean": 0.8010610079575596,
    "test_f1_ai_mean": 0.7892074198988196,
    "test_threshold_mean": 0.485123872756958,
    "test_f1_score_fpr": 0.7563967330422363,
    "test_precision_fpr": 0.8067521939969757,
    "test_recall_fpr": 0.7647379912663755,
    "test_accuracy_fpr": 0.5,
    "test_roc_auc_fpr": 0.8930131004366813,
    "test_fpr_fpr": 0.05021834061135371,
    "test_tpr_fpr": 0.5796943231441049,
    "test_f1_human_fpr": 0.8014739751266697,
    "test_f1_ai_fpr": 0.7113194909578031,
    "test_threshold_fpr": 0.7097604076935214,
    "test_n_samples_human": 916,
    "test_n_samples_ai": 916,
    "test_runtime": 3.3405,
    "test_samples_per_second": 548.421,
    "test_steps_per_second": 0.599,
    "epoch": 10.0
}