{
  "in_domain": {
    "f1_score": 0.9354716576470876,
    "precision": 0.9447980742957015,
    "recall": 0.931712549159814,
    "accuracy": 0.931712549159814,
    "roc_auc": 0.9730748890575062,
    "fpr": 0.08020050125313283,
    "tpr": 0.9336947456213511,
    "f1_human": 0.7935135135135135,
    "f1_ai": 0.9590918826301135
  },
  "ood": {
    "f1_score": 0.9266608346619012,
    "precision": 0.9349735904597974,
    "recall": 0.9227744011440829,
    "accuracy": 0.9227744011440829,
    "roc_auc": 0.9664998609952739,
    "fpr": 0.12781954887218044,
    "tpr": 0.9311926605504587,
    "f1_human": 0.7631578947368421,
    "f1_ai": 0.9538658692866296
  }
}