{
  "in_domain": {
    "f1_score": 0.8521261535520825,
    "precision": 0.8534796408871443,
    "recall": 0.8550372685741765,
    "accuracy": 0.8550372685741765,
    "roc_auc": 0.9212231845616239,
    "fpr": 0.2835348506401138,
    "tpr": 0.9258082092262986,
    "f1_human": 0.769674511002445,
    "f1_ai": 0.8942354922461582
  },
  "ood": {
    "f1_score": 0.5379292289424865,
    "precision": 0.6798020060971572,
    "recall": 0.5408150997836019,
    "accuracy": 0.5408150997836019,
    "roc_auc": 0.7074791191840895,
    "fpr": 0.17297297297297298,
    "tpr": 0.3946422084998184,
    "f1_human": 0.549092755026149,
    "f1_ai": 0.532227842210329
  }
}