{
  "in_domain": {
    "f1_score": 0.6457545250614,
    "precision": 0.6471546062944215,
    "recall": 0.6460036574870912,
    "accuracy": 0.6460036574870912,
    "roc_auc": 0.7384295511249818,
    "fpr": 0.3835565673143099,
    "tpr": 0.6765236403388905,
    "f1_human": 0.6388850785986667,
    "f1_ai": 0.6528470079383918
  },
  "ood": {
    "f1_score": 0.6559017772959945,
    "precision": 0.6785137748344708,
    "recall": 0.6642910929432013,
    "accuracy": 0.6642910929432013,
    "roc_auc": 0.7531556510191999,
    "fpr": 0.18460479644237388,
    "tpr": 0.50828095107953,
    "f1_human": 0.711622427056622,
    "f1_ai": 0.5983719957530323
  }
}