{
  "in_domain": {
    "f1_score": 0.9360386649519828,
    "precision": 0.9415335659681379,
    "recall": 0.9355694337239492,
    "accuracy": 0.9355694337239492,
    "roc_auc": 0.9898191811329589,
    "fpr": 0.01573002563924884,
    "tpr": 0.902413134243861,
    "f1_human": 0.9252365365512075,
    "f1_ai": 0.9433929694339297
  },
  "ood": {
    "f1_score": 0.6398398985030368,
    "precision": 0.6438147551481517,
    "recall": 0.6376956003087503,
    "accuracy": 0.6376956003087503,
    "roc_auc": 0.7085643185787309,
    "fpr": 0.4002148153281131,
    "tpr": 0.6635057674616093,
    "f1_human": 0.5728515172573546,
    "f1_ai": 0.6854469246515255
  }
}