{
  "in_domain": {
    "f1_score": 0.7683330424867442,
    "precision": 0.7899568388169012,
    "recall": 0.8328259430840503,
    "accuracy": 0.8328259430840503,
    "roc_auc": 0.7308181591107781,
    "fpr": 0.9568627450980393,
    "tpr": 0.9931528662420382,
    "f1_human": 0.08011653313911143,
    "f1_ai": 0.9080585280628958
  },
  "ood": {
    "f1_score": 0.3651666050824215,
    "precision": 0.8018647606766988,
    "recall": 0.34811383189940437,
    "accuracy": 0.34811383189940437,
    "roc_auc": 0.5691128387660797,
    "fpr": 0.09333333333333334,
    "tpr": 0.23471337579617835,
    "f1_human": 0.3194693933950532,
    "f1_ai": 0.3744443033151276
  }
}