{
  "in_domain": {
    "f1_score": 0.9535738450583051,
    "precision": 0.9418293793550039,
    "recall": 0.9687242991752238,
    "accuracy": 0.9687242991752238,
    "roc_auc": 0.8257235299271695,
    "fpr": 0.9992439516129032,
    "tpr": 0.999773651406999,
    "f1_human": 0.0015003750937734434,
    "f1_ai": 0.9841133431207553
  },
  "ood": {
    "f1_score": 0.6378718868998062,
    "precision": 0.9641134129178071,
    "recall": 0.5014137901324498,
    "accuracy": 0.5014137901324498,
    "roc_auc": 0.7791789329877128,
    "fpr": 0.10231854838709678,
    "tpr": 0.48870278004575474,
    "f1_human": 0.10065132313256757,
    "f1_ai": 0.6551042191555188
  }
}