{
    "blog_authorship_corpus": {
        "n_samples": 1832,
        "f1_score": 0.8228650990099009,
        "precision": 0.844482584553256,
        "recall": 0.8253275109170306,
        "accuracy": 0.8253275109170306,
        "roc_auc": 0.8253275109170306,
        "fpr": 0.056768558951965066,
        "tpr": 0.7074235807860262,
        "f1_human": 0.84375,
        "f1_ai": 0.801980198019802,
        "f1_score_median": 0.8165938864628821,
        "precision_median": 0.8165938864628821,
        "recall_median": 0.8165938864628821,
        "accuracy_median": 0.8165938864628821,
        "roc_auc_median": 0.8165938864628821,
        "fpr_median": 0.18340611353711792,
        "tpr_median": 0.8165938864628821,
        "f1_human_median": 0.8165938864628821,
        "f1_ai_median": 0.8165938864628821,
        "threshold_median": 0.9553535878658295,
        "f1_score_mean": 0.8314709968925882,
        "precision_mean": 0.8351128098238656,
        "recall_mean": 0.8318777292576419,
        "accuracy_mean": 0.8318777292576419,
        "roc_auc_mean": 0.8318777292576419,
        "fpr_mean": 0.11899563318777293,
        "tpr_mean": 0.7827510917030568,
        "f1_human_mean": 0.8397502601456815,
        "f1_ai_mean": 0.8231917336394948,
        "threshold_mean": 0.9341897994898032,
        "f1_score_fpr": 0.8196814897931061,
        "precision_fpr": 0.844915114932203,
        "recall_fpr": 0.8225982532751092,
        "accuracy_fpr": 0.8225982532751092,
        "roc_auc_fpr": 0.8225982532751092,
        "fpr_fpr": 0.05021834061135371,
        "tpr_fpr": 0.6954148471615721,
        "f1_human_fpr": 0.8426150121065376,
        "f1_ai_fpr": 0.7967479674796748,
        "threshold_fpr": 0.8971613735350978,
        "n_samples_human": 916,
        "n_samples_ai": 916
    },
    "student_essays": {
        "n_samples": 14496,
        "f1_score": 0.9914453492624589,
        "precision": 0.9915762083398229,
        "recall": 0.9914459161147903,
        "accuracy": 0.9914459161147903,
        "roc_auc": 0.9914459161147903,
        "fpr": 0.016694260485651213,
        "tpr": 0.9995860927152318,
        "f1_human": 0.9913757128947003,
        "f1_ai": 0.9915149856302176,
        "f1_score_median": 0.9965507726269316,
        "precision_median": 0.9965507726269316,
        "recall_median": 0.9965507726269316,
        "accuracy_median": 0.9965507726269316,
        "roc_auc_median": 0.9965507726269316,
        "fpr_median": 0.0034492273730684325,
        "tpr_median": 0.9965507726269316,
        "f1_human_median": 0.9965507726269316,
        "f1_ai_median": 0.9965507726269316,
        "threshold_median": 0.8719131946563721,
        "f1_score_mean": 0.9965507694097028,
        "precision_mean": 0.9965526252411137,
        "recall_mean": 0.9965507726269316,
        "accuracy_mean": 0.9965507726269316,
        "roc_auc_mean": 0.9965507726269315,
        "fpr_mean": 0.0024834437086092716,
        "tpr_mean": 0.9955849889624724,
        "f1_human_mean": 0.9965541006202618,
        "f1_ai_mean": 0.9965474381991437,
        "threshold_mean": 0.8664705830381538,
        "f1_score_fpr": 0.9749430694540874,
        "precision_fpr": 0.9761397795244614,
        "recall_fpr": 0.9749586092715232,
        "accuracy_fpr": 0.9749586092715232,
        "roc_auc_fpr": 0.9749586092715233,
        "fpr_fpr": 0.0499448123620309,
        "tpr_fpr": 0.9998620309050773,
        "f1_human_fpr": 0.9743190661478599,
        "f1_ai_fpr": 0.975567072760315,
        "threshold_fpr": 0.9244811716952072,
        "n_samples_human": 7248,
        "n_samples_ai": 7248
    },
    "cnn_news": {
        "n_samples": 4726,
        "f1_score": 0.9915356916742262,
        "precision": 0.9916502954873225,
        "recall": 0.9915361828184511,
        "accuracy": 0.9915361828184511,
        "roc_auc": 0.9915361828184511,
        "fpr": 0.01608125264494287,
        "tpr": 0.9991536182818451,
        "f1_human": 0.9914712153518124,
        "f1_ai": 0.9916001679966401,
        "f1_score_median": 0.9966144731273805,
        "precision_median": 0.9966144731273805,
        "recall_median": 0.9966144731273805,
        "accuracy_median": 0.9966144731273805,
        "roc_auc_median": 0.9966144731273805,
        "fpr_median": 0.0033855268726195515,
        "tpr_median": 0.9966144731273805,
        "f1_human_median": 0.9966144731273805,
        "f1_ai_median": 0.9966144731273805,
        "threshold_median": 0.871066689491272,
        "f1_score_mean": 0.9953448797079522,
        "precision_mean": 0.9953537718657751,
        "recall_mean": 0.9953449005501481,
        "accuracy_mean": 0.9953449005501481,
        "roc_auc_mean": 0.9953449005501482,
        "fpr_mean": 0.0025391451544646637,
        "tpr_mean": 0.9932289462547609,
        "f1_human_mean": 0.9953547297297297,
        "f1_ai_mean": 0.9953350296861747,
        "threshold_mean": 0.8593220630541627,
        "f1_score_fpr": 0.974592709193504,
        "precision_fpr": 0.9757950176351406,
        "recall_fpr": 0.9746085484553534,
        "accuracy_fpr": 0.9746085484553534,
        "roc_auc_fpr": 0.9746085484553533,
        "fpr_fpr": 0.050359712230215826,
        "tpr_fpr": 0.9995768091409225,
        "f1_human_fpr": 0.9739583333333334,
        "f1_ai_fpr": 0.9752270850536746,
        "threshold_fpr": 0.9196580342453413,
        "n_samples_human": 2363,
        "n_samples_ai": 2363
    },
    "euro_court_cases": {
        "n_samples": 1506,
        "f1_score": 0.9453970488619743,
        "precision": 0.9506376101703684,
        "recall": 0.9455511288180611,
        "accuracy": 0.9455511288180611,
        "roc_auc": 0.9455511288180611,
        "fpr": 0.10756972111553785,
        "tpr": 0.99867197875166,
        "f1_human": 0.9424964936886395,
        "f1_ai": 0.9482976040353089,
        "f1_score_median": 0.9893758300132802,
        "precision_median": 0.9893758300132802,
        "recall_median": 0.9893758300132802,
        "accuracy_median": 0.9893758300132802,
        "roc_auc_median": 0.9893758300132802,
        "fpr_median": 0.010624169986719787,
        "tpr_median": 0.9893758300132802,
        "f1_human_median": 0.9893758300132802,
        "f1_ai_median": 0.9893758300132802,
        "threshold_median": 0.8558014929294586,
        "f1_score_mean": 0.9853908387171877,
        "precision_mean": 0.9855150697255961,
        "recall_mean": 0.9853917662682603,
        "accuracy_mean": 0.9853917662682603,
        "roc_auc_mean": 0.9853917662682603,
        "fpr_mean": 0.006640106241699867,
        "tpr_mean": 0.9774236387782205,
        "f1_human_mean": 0.9855072463768116,
        "f1_ai_mean": 0.9852744310575636,
        "threshold_mean": 0.8390097862695793,
        "f1_score_fpr": 0.9727608521398564,
        "precision_fpr": 0.9737991883828456,
        "recall_fpr": 0.9727755644090306,
        "accuracy_fpr": 0.9727755644090306,
        "roc_auc_fpr": 0.9727755644090306,
        "fpr_fpr": 0.05046480743691899,
        "tpr_fpr": 0.9960159362549801,
        "f1_human_fpr": 0.9721278042148198,
        "f1_ai_fpr": 0.9733939000648929,
        "threshold_fpr": 0.8823390535782691,
        "n_samples_human": 753,
        "n_samples_ai": 753
    },
    "house_of_commons": {
        "n_samples": 2386,
        "f1_score": 0.9807169562039693,
        "precision": 0.9811116431907055,
        "recall": 0.980720871751886,
        "accuracy": 0.980720871751886,
        "roc_auc": 0.980720871751886,
        "fpr": 0.005029337803855826,
        "tpr": 0.9664710813076278,
        "f1_human": 0.9809917355371901,
        "f1_ai": 0.9804421768707483,
        "f1_score_median": 0.9702430794335847,
        "precision_median": 0.9702434150618865,
        "recall_median": 0.9702430846605197,
        "accuracy_median": 0.9702430846605197,
        "roc_auc_median": 0.9702430846605197,
        "fpr_median": 0.030176026823134954,
        "tpr_median": 0.9706621961441744,
        "f1_human_median": 0.970230607966457,
        "f1_ai_median": 0.9702555509007121,
        "threshold_median": 0.9280575513839722,