{
    "blog_authorship_corpus": {
        "n_samples": 1832,
        "f1_score": 0.623582435791218,
        "precision": 0.7709560851594541,
        "recall": 0.6615720524017468,
        "accuracy": 0.6615720524017468,
        "roc_auc": 0.6615720524017468,
        "fpr": 0.6561135371179039,
        "tpr": 0.9792576419213974,
        "f1_human": 0.504,
        "f1_ai": 0.7431648715824358,
        "f1_score_median": 0.7620087336244541,
        "precision_median": 0.7620087336244541,
        "recall_median": 0.7620087336244541,
        "accuracy_median": 0.7620087336244541,
        "roc_auc_median": 0.762008733624454,
        "fpr_median": 0.23799126637554585,
        "tpr_median": 0.7620087336244541,
        "f1_human_median": 0.7620087336244541,
        "f1_ai_median": 0.7620087336244541,
        "threshold_median": 0.8260228335857391,
        "f1_score_mean": 0.7437549397940648,
        "precision_mean": 0.7770039352402083,
        "recall_mean": 0.75,
        "accuracy_mean": 0.75,
        "roc_auc_mean": 0.75,
        "fpr_mean": 0.40611353711790393,
        "tpr_mean": 0.9061135371179039,
        "f1_human_mean": 0.703751617076326,
        "f1_ai_mean": 0.7837582625118036,
        "threshold_mean": 0.7331240243729871,
        "f1_score_fpr": 0.6606133021883136,
        "precision_fpr": 0.756782669276449,
        "recall_fpr": 0.6844978165938864,
        "accuracy_fpr": 0.6844978165938864,
        "roc_auc_fpr": 0.6844978165938865,
        "fpr_fpr": 0.05021834061135371,
        "tpr_fpr": 0.4192139737991266,
        "f1_human_fpr": 0.7506471095772217,
        "f1_ai_fpr": 0.5705794947994056,
        "threshold_fpr": 0.9093214180808531,
        "n_samples_human": 916,
        "n_samples_ai": 916
    },
    "student_essays": {
        "n_samples": 14496,
        "f1_score": 0.5105914398930862,
        "precision": 0.7685802822956223,
        "recall": 0.5913355408388521,
        "accuracy": 0.5913355408388521,
        "roc_auc": 0.5913355408388521,
        "fpr": 0.8148454746136865,
        "tpr": 0.9975165562913907,
        "f1_human": 0.3118029739776952,
        "f1_ai": 0.7093799058084772,
        "f1_score_median": 0.7865618101545254,
        "precision_median": 0.7865618101545254,
        "recall_median": 0.7865618101545254,
        "accuracy_median": 0.7865618101545254,
        "roc_auc_median": 0.7865618101545254,
        "fpr_median": 0.2134381898454746,
        "tpr_median": 0.7865618101545254,
        "f1_human_median": 0.7865618101545254,
        "f1_ai_median": 0.7865618101545254,
        "threshold_median": 0.9467507898807526,
        "f1_score_mean": 0.7148272125658891,
        "precision_mean": 0.8065437789454851,
        "recall_mean": 0.7321330022075055,
        "accuracy_mean": 0.7321330022075055,
        "roc_auc_mean": 0.7321330022075054,
        "fpr_mean": 0.514210816777042,
        "tpr_mean": 0.9784768211920529,
        "f1_human_mean": 0.6445766590389016,
        "f1_ai_mean": 0.7850777660928765,
        "threshold_mean": 0.8470097745616589,
        "f1_score_fpr": 0.5965670675411794,
        "precision_fpr": 0.7249700951939813,
        "recall_fpr": 0.6363134657836644,
        "accuracy_fpr": 0.6363134657836644,
        "roc_auc_fpr": 0.6363134657836644,
        "fpr_fpr": 0.049806843267108165,
        "tpr_fpr": 0.3224337748344371,
        "f1_human_fpr": 0.7231964717000945,
        "f1_ai_fpr": 0.4699376633822642,
        "threshold_fpr": 0.9611302960775052,
        "n_samples_human": 7248,
        "n_samples_ai": 7248
    },
    "cnn_news": {
        "n_samples": 4726,
        "f1_score": 0.5964565688854604,
        "precision": 0.7901135476545312,
        "recall": 0.6464240372407956,
        "accuracy": 0.6464240372407956,
        "roc_auc": 0.6464240372407957,
        "fpr": 0.705459162082099,
        "tpr": 0.9983072365636902,
        "f1_human": 0.4544564152791381,
        "f1_ai": 0.7384567224917827,
        "f1_score_median": 0.9403300888700804,
        "precision_median": 0.9403300888700804,
        "recall_median": 0.9403300888700804,
        "accuracy_median": 0.9403300888700804,
        "roc_auc_median": 0.9403300888700805,
        "fpr_median": 0.059669911129919595,
        "tpr_median": 0.9403300888700804,
        "f1_human_median": 0.9403300888700804,
        "f1_ai_median": 0.9403300888700804,
        "threshold_median": 0.9321715533733368,
        "f1_score_mean": 0.8053232101069344,
        "precision_mean": 0.8585057883967565,
        "recall_mean": 0.8116800677105375,
        "accuracy_mean": 0.8116800677105375,
        "roc_auc_mean": 0.8116800677105376,
        "fpr_mean": 0.3690224291155311,
        "tpr_mean": 0.992382564536606,
        "f1_human_mean": 0.7701446280991735,
        "f1_ai_mean": 0.8405017921146953,
        "threshold_mean": 0.7977217585778544,
        "f1_score_fpr": 0.9399012043186392,
        "precision_fpr": 0.9400736663493772,
        "recall_fpr": 0.9399068980110029,
        "accuracy_fpr": 0.9399068980110029,
        "roc_auc_fpr": 0.9399068980110029,
        "fpr_fpr": 0.050359712230215826,
        "tpr_fpr": 0.9301735082522218,
        "f1_human_fpr": 0.9404861693210393,
        "f1_ai_fpr": 0.9393162393162393,
        "threshold_fpr": 0.9353357090839782,
        "n_samples_human": 2363,
        "n_samples_ai": 2363
    },
    "euro_court_cases": {
        "n_samples": 1506,
        "f1_score": 0.37198097601323404,
        "precision": 0.7545638945233266,
        "recall": 0.5179282868525896,
        "accuracy": 0.5179282868525896,
        "roc_auc": 0.5179282868525896,
        "fpr": 0.9641434262948207,
        "tpr": 1.0,
        "f1_human": 0.06923076923076923,
        "f1_ai": 0.6747311827956989,
        "f1_score_median": 0.9189907038512616,
        "precision_median": 0.9189907038512616,
        "recall_median": 0.9189907038512616,
        "accuracy_median": 0.9189907038512616,
        "roc_auc_median": 0.9189907038512617,
        "fpr_median": 0.08100929614873838,
        "tpr_median": 0.9189907038512616,
        "f1_human_median": 0.9189907038512616,
        "f1_ai_median": 0.9189907038512616,
        "threshold_median": 0.9296863675117493,
        "f1_score_mean": 0.7634017708879467,
        "precision_mean": 0.8151569046006111,
        "recall_mean": 0.7715803452855245,
        "accuracy_mean": 0.7715803452855245,
        "roc_auc_mean": 0.7715803452855244,
        "fpr_mean": 0.41434262948207173,
        "tpr_mean": 0.9575033200531209,
        "f1_human_mean": 0.7194127243066885,
        "f1_ai_mean": 0.8073908174692049,
        "threshold_mean": 0.8810569407791888,
        "f1_score_fpr": 0.9255882897906246,
        "precision_fpr": 0.9266058938012738,
        "recall_fpr": 0.9256308100929614,
        "accuracy_fpr": 0.9256308100929614,
        "roc_auc_fpr": 0.9256308100929616,
        "fpr_fpr": 0.05046480743691899,
        "tpr_fpr": 0.9017264276228419,
        "f1_human_fpr": 0.9273670557717251,
        "f1_ai_fpr": 0.9238095238095239,
        "threshold_fpr": 0.9356497934021322,
        "n_samples_human": 753,
        "n_samples_ai": 753
    },
    "house_of_commons": {
        "n_samples": 2386,
        "f1_score": 0.8229360335470568,
        "precision": 0.8721147847785403,
        "recall": 0.8281642917015927,
        "accuracy": 0.8281642917015927,
        "roc_auc": 0.8281642917015926,
        "fpr": 0.34367141659681477,
        "tpr": 1.0,
        "f1_human": 0.7925101214574899,
        "f1_ai": 0.8533619456366237,
        "f1_score_median": 0.9664710813076278,
        "precision_median": 0.9664710813076278,
        "recall_median": 0.9664710813076278,
        "accuracy_median": 0.9664710813076278,
        "roc_auc_median": 0.9664710813076278,
        "fpr_median": 0.03352891869237217,
        "tpr_median": 0.9664710813076278,
        "f1_human_median": 0.9664710813076278,
        "f1_ai_median": 0.9664710813076278,
        "threshold_median": 0.858002096414566,
        "f1_score_mean": 0.9181512759576756,