{
    "blog_authorship_corpus": {
        "n_samples": 1832,
        "f1_score": 0.4128822786708428,
        "precision": 0.4205433211175738,
        "recall": 0.42958515283842796,
        "accuracy": 0.42958515283842796,
        "roc_auc": 0.4295851528384279,
        "fpr": 0.4017467248908297,
        "tpr": 0.2609170305676856,
        "f1_human": 0.5119103222793088,
        "f1_ai": 0.31385423506237686,
        "f1_score_median": 0.4606986899563319,
        "precision_median": 0.4606986899563319,
        "recall_median": 0.4606986899563319,
        "accuracy_median": 0.4606986899563319,
        "roc_auc_median": 0.4606986899563319,
        "fpr_median": 0.5393013100436681,
        "tpr_median": 0.4606986899563319,
        "f1_human_median": 0.4606986899563319,
        "f1_ai_median": 0.4606986899563319,
        "threshold_median": 0.036310071125626564,
        "f1_score_mean": 0.4254277580222148,
        "precision_mean": 0.4303833120233188,
        "recall_mean": 0.43504366812227074,
        "accuracy_mean": 0.43504366812227074,
        "roc_auc_mean": 0.4350436681222708,
        "fpr_mean": 0.435589519650655,
        "tpr_mean": 0.3056768558951965,
        "f1_human_mean": 0.49975833736104397,
        "f1_ai_mean": 0.3510971786833856,
        "threshold_mean": 0.3211350141114391,
        "f1_score_fpr": 0.3219837157660992,
        "precision_fpr": 0.24356103023516237,
        "recall_fpr": 0.47489082969432317,
        "accuracy_fpr": 0.47489082969432317,
        "roc_auc_fpr": 0.47489082969432317,
        "fpr_fpr": 0.05021834061135371,
        "tpr_fpr": 0.0,
        "f1_human_fpr": 0.6439674315321984,
        "f1_ai_fpr": 0.0,
        "threshold_fpr": 0.9884890053082815,
        "n_samples_human": 916,
        "n_samples_ai": 916
    },
    "student_essays": {
        "n_samples": 14496,
        "f1_score": 0.29905440343702705,
        "precision": 0.2941219283327556,
        "recall": 0.3272626931567329,
        "accuracy": 0.3272626931567329,
        "roc_auc": 0.32726269315673284,
        "fpr": 0.8733443708609272,
        "tpr": 0.5278697571743929,
        "f1_human": 0.15843976527442183,
        "f1_ai": 0.43966904159963227,
        "f1_score_median": 0.2603476821192053,
        "precision_median": 0.2603476821192053,
        "recall_median": 0.2603476821192053,
        "accuracy_median": 0.2603476821192053,
        "roc_auc_median": 0.26034768211920534,
        "fpr_median": 0.7396523178807947,
        "tpr_median": 0.2603476821192053,
        "f1_human_median": 0.2603476821192053,
        "f1_ai_median": 0.2603476821192053,
        "threshold_median": 0.764375776052475,
        "f1_score_mean": 0.27635693860304233,
        "precision_mean": 0.27490931304632593,
        "recall_mean": 0.28228476821192056,
        "accuracy_mean": 0.28228476821192056,
        "roc_auc_mean": 0.2822847682119205,
        "fpr_mean": 0.8082229580573952,
        "tpr_mean": 0.3727924944812362,
        "f1_human_mean": 0.2108616504854369,
        "f1_ai_mean": 0.3418522267206478,
        "threshold_mean": 0.6584469330907046,
        "f1_score_fpr": 0.32388397920187945,
        "precision_fpr": 0.26102634991732837,
        "recall_fpr": 0.4757864238410596,
        "accuracy_fpr": 0.4757864238410596,
        "roc_auc_fpr": 0.4757864238410596,
        "fpr_fpr": 0.05022075055187638,
        "tpr_fpr": 0.001793598233995585,
        "f1_human_fpr": 0.644358122338185,
        "f1_ai_fpr": 0.0034098360655737707,
        "threshold_fpr": 0.9853129438347534,
        "n_samples_human": 7248,
        "n_samples_ai": 7248
    },
    "cnn_news": {
        "n_samples": 4726,
        "f1_score": 0.20099024846783203,
        "precision": 0.1756290679547863,
        "recall": 0.24164198053322047,
        "accuracy": 0.24164198053322047,
        "roc_auc": 0.24164198053322047,
        "fpr": 0.9839187473550571,
        "tpr": 0.4672027084214981,
        "f1_human": 0.020765027322404372,
        "f1_ai": 0.3812154696132597,
        "f1_score_median": 0.08125264494286924,
        "precision_median": 0.08125264494286924,
        "recall_median": 0.08125264494286924,
        "accuracy_median": 0.08125264494286924,
        "roc_auc_median": 0.08125264494286923,
        "fpr_median": 0.9187473550571308,
        "tpr_median": 0.08125264494286924,
        "f1_human_median": 0.08125264494286924,
        "f1_ai_median": 0.08125264494286924,
        "threshold_median": 0.8665653169155121,
        "f1_score_mean": 0.12779525110985784,
        "precision_mean": 0.12188681567962827,
        "recall_mean": 0.1358442657638595,
        "accuracy_mean": 0.1358442657638595,
        "roc_auc_mean": 0.1358442657638595,
        "fpr_mean": 0.9602200592467203,
        "tpr_mean": 0.23190859077443926,
        "f1_human_mean": 0.04400749063670412,
        "f1_ai_mean": 0.21158301158301157,
        "threshold_mean": 0.7176814019204287,
        "f1_score_fpr": 0.32195121951219513,
        "precision_fpr": 0.24354243542435428,
        "recall_fpr": 0.4748201438848921,
        "accuracy_fpr": 0.4748201438848921,
        "roc_auc_fpr": 0.4748201438848921,
        "fpr_fpr": 0.050359712230215826,
        "tpr_fpr": 0.0,
        "f1_human_fpr": 0.6439024390243903,
        "f1_ai_fpr": 0.0,
        "threshold_fpr": 0.9972100026272077,
        "n_samples_human": 2363,
        "n_samples_ai": 2363
    },
    "euro_court_cases": {
        "n_samples": 1506,
        "f1_score": 0.416427103266161,
        "precision": 0.4178370140585971,
        "recall": 0.4196547144754316,
        "accuracy": 0.4196547144754316,
        "roc_auc": 0.4196547144754316,
        "fpr": 0.6547144754316069,
        "tpr": 0.4940239043824701,
        "f1_human": 0.37302725968436157,
        "f1_ai": 0.45982694684796044,
        "f1_score_median": 0.4050464807436919,
        "precision_median": 0.4050464807436919,
        "recall_median": 0.4050464807436919,
        "accuracy_median": 0.4050464807436919,
        "roc_auc_median": 0.40504648074369193,
        "fpr_median": 0.5949535192563081,
        "tpr_median": 0.4050464807436919,
        "f1_human_median": 0.4050464807436919,
        "f1_ai_median": 0.4050464807436919,
        "threshold_median": 0.5764704644680023,
        "f1_score_mean": 0.4079277077068685,
        "precision_mean": 0.40809406220813405,
        "recall_mean": 0.40836653386454186,
        "accuracy_mean": 0.40836653386454186,
        "roc_auc_mean": 0.4083665338645418,
        "fpr_mean": 0.6188579017264276,
        "tpr_mean": 0.4355909694555113,
        "f1_human_mean": 0.3918088737201365,
        "f1_ai_mean": 0.4240465416936005,
        "threshold_mean": 0.5497735938661643,
        "f1_score_fpr": 0.3331033425763225,
        "precision_fpr": 0.3318195354377606,
        "recall_fpr": 0.4800796812749004,
        "accuracy_fpr": 0.4800796812749004,
        "roc_auc_fpr": 0.4800796812749004,
        "fpr_fpr": 0.05046480743691899,
        "tpr_fpr": 0.010624169986719787,
        "f1_human_fpr": 0.6461816538635337,
        "f1_ai_fpr": 0.02002503128911139,
        "threshold_fpr": 0.9634427628136681,
        "n_samples_human": 753,
        "n_samples_ai": 753
    },
    "house_of_commons": {
        "n_samples": 2386,
        "f1_score": 0.15868231859726448,
        "precision": 0.15858201608820383,
        "recall": 0.15884325230511315,
        "accuracy": 0.15884325230511315,
        "roc_auc": 0.15884325230511318,
        "fpr": 0.8273260687342833,
        "tpr": 0.14501257334450965,
        "f1_human": 0.17031831335262504,
        "f1_ai": 0.14704632384190394,
        "f1_score_median": 0.16512992455993294,
        "precision_median": 0.16512992455993294,
        "recall_median": 0.16512992455993294,
        "accuracy_median": 0.16512992455993294,
        "roc_auc_median": 0.16512992455993292,
        "fpr_median": 0.8348700754400671,
        "tpr_median": 0.16512992455993294,
        "f1_human_median": 0.16512992455993294,
        "f1_ai_median": 0.16512992455993294,