{
    "blog_authorship_corpus": {
        "n_samples": 1832,
        "f1_score": 0.6784643164114139,
        "precision": 0.7889491629184345,
        "recall": 0.7025109170305677,
        "accuracy": 0.7025109170305677,
        "roc_auc": 0.7025109170305676,
        "fpr": 0.024017467248908297,
        "tpr": 0.42903930131004364,
        "f1_human": 0.7663951993141878,
        "f1_ai": 0.5905334335086401,
        "f1_score_median": 0.8231441048034934,
        "precision_median": 0.8231441048034934,
        "recall_median": 0.8231441048034934,
        "accuracy_median": 0.8231441048034934,
        "roc_auc_median": 0.8231441048034934,
        "fpr_median": 0.17685589519650655,
        "tpr_median": 0.8231441048034934,
        "f1_human_median": 0.8231441048034934,
        "f1_ai_median": 0.8231441048034934,
        "threshold_median": 0.11454159047796125,
        "f1_score_mean": 0.7693066743268053,
        "precision_mean": 0.8177356786601261,
        "recall_mean": 0.7767467248908297,
        "accuracy_mean": 0.7767467248908297,
        "roc_auc_mean": 0.7767467248908297,
        "fpr_mean": 0.043668122270742356,
        "tpr_mean": 0.5971615720524017,
        "f1_human_mean": 0.8107357704766311,
        "f1_ai_mean": 0.7278775781769794,
        "threshold_mean": 0.2705577493367795,
        "f1_score_fpr": 0.7734943026590251,
        "precision_fpr": 0.8165066984582433,
        "recall_fpr": 0.7800218340611353,
        "accuracy_fpr": 0.7800218340611353,
        "roc_auc_fpr": 0.7800218340611355,
        "fpr_fpr": 0.05021834061135371,
        "tpr_fpr": 0.6102620087336245,
        "f1_human_fpr": 0.811945870275315,
        "f1_ai_fpr": 0.7350427350427351,
        "threshold_fpr": 0.2536777142018707,
        "n_samples_human": 916,
        "n_samples_ai": 916
    },
    "student_essays": {
        "n_samples": 14496,
        "f1_score": 0.6095540752314623,
        "precision": 0.6574937871149851,
        "recall": 0.6278973509933775,
        "accuracy": 0.6278973509933775,
        "roc_auc": 0.6278973509933774,
        "fpr": 0.1553532008830022,
        "tpr": 0.41114790286975716,
        "f1_human": 0.6941830139471595,
        "f1_ai": 0.5249251365157653,
        "f1_score_median": 0.6826710816777042,
        "precision_median": 0.6826710816777042,
        "recall_median": 0.6826710816777042,
        "accuracy_median": 0.6826710816777042,
        "roc_auc_median": 0.6826710816777042,
        "fpr_median": 0.3173289183222958,
        "tpr_median": 0.6826710816777042,
        "f1_human_median": 0.6826710816777042,
        "f1_ai_median": 0.6826710816777042,
        "threshold_median": 0.2312163151971238,
        "f1_score_mean": 0.636386877745654,
        "precision_mean": 0.6629604529051975,
        "recall_mean": 0.6459023178807947,
        "accuracy_mean": 0.6459023178807947,
        "roc_auc_mean": 0.6459023178807947,
        "fpr_mean": 0.19232891832229582,
        "tpr_mean": 0.4841335540838852,
        "f1_human_mean": 0.695208123033074,
        "f1_ai_mean": 0.5775656324582339,
        "threshold_mean": 0.36578079344461206,
        "f1_score_fpr": 0.41350814926717794,
        "precision_fpr": 0.581332166892789,
        "recall_fpr": 0.5214541942604857,
        "accuracy_fpr": 0.5214541942604857,
        "roc_auc_fpr": 0.5214541942604857,
        "fpr_fpr": 0.049530905077262696,
        "tpr_fpr": 0.092439293598234,
        "f1_human_fpr": 0.6651218923485397,
        "f1_ai_fpr": 0.1618944061858161,
        "threshold_fpr": 0.937405660225397,
        "n_samples_human": 7248,
        "n_samples_ai": 7248
    },
    "cnn_news": {
        "n_samples": 4726,
        "f1_score": 0.6487604225312986,
        "precision": 0.7530357216579968,
        "recall": 0.6756242065171393,
        "accuracy": 0.6756242065171393,
        "roc_auc": 0.6756242065171392,
        "fpr": 0.047820567075751164,
        "tpr": 0.3990689801100296,
        "f1_human": 0.7458975634012929,
        "f1_ai": 0.5516232816613045,
        "f1_score_median": 0.8645789250952179,
        "precision_median": 0.8645789250952179,
        "recall_median": 0.8645789250952179,
        "accuracy_median": 0.8645789250952179,
        "roc_auc_median": 0.864578925095218,
        "fpr_median": 0.13542107490478206,
        "tpr_median": 0.8645789250952179,
        "f1_human_median": 0.8645789250952179,
        "f1_ai_median": 0.8645789250952179,
        "threshold_median": 0.11369565615361703,
        "f1_score_mean": 0.762697407352192,
        "precision_mean": 0.7921467781019731,
        "recall_mean": 0.7676682183664832,
        "accuracy_mean": 0.7676682183664832,
        "roc_auc_mean": 0.7676682183664832,
        "fpr_mean": 0.0876005078290309,
        "tpr_mean": 0.6229369445619974,
        "f1_human_mean": 0.7970425138632162,
        "f1_ai_mean": 0.7283523008411678,
        "threshold_mean": 0.2878920492387749,
        "f1_score_fpr": 0.6534706121667533,
        "precision_fpr": 0.753842110074968,
        "recall_fpr": 0.6790097333897588,
        "accuracy_fpr": 0.6790097333897588,
        "roc_auc_fpr": 0.6790097333897588,
        "fpr_fpr": 0.04951333051206094,
        "tpr_fpr": 0.4075327972915785,
        "f1_human_fpr": 0.7475453486437011,
        "f1_ai_fpr": 0.5593958756898054,
        "threshold_fpr": 0.39849610279366576,
        "n_samples_human": 2363,
        "n_samples_ai": 2363
    },
    "euro_court_cases": {
        "n_samples": 1506,
        "f1_score": 0.4453300907683648,
        "precision": 0.7645818692902319,
        "recall": 0.5551128818061088,
        "accuracy": 0.5551128818061088,
        "roc_auc": 0.5551128818061088,
        "fpr": 0.0,
        "tpr": 0.1102257636122178,
        "f1_human": 0.6920955882352942,
        "f1_ai": 0.19856459330143542,
        "f1_score_median": 0.7569721115537849,
        "precision_median": 0.7569721115537849,
        "recall_median": 0.7569721115537849,
        "accuracy_median": 0.7569721115537849,
        "roc_auc_median": 0.7569721115537849,
        "fpr_median": 0.24302788844621515,
        "tpr_median": 0.7569721115537849,
        "f1_human_median": 0.7569721115537849,
        "f1_ai_median": 0.7569721115537849,
        "threshold_median": 0.06573461063034622,
        "f1_score_mean": 0.6799515653423956,
        "precision_mean": 0.773923378915395,
        "recall_mean": 0.701195219123506,
        "accuracy_mean": 0.701195219123506,
        "roc_auc_mean": 0.701195219123506,
        "fpr_mean": 0.041168658698539175,
        "tpr_mean": 0.4435590969455511,
        "f1_human_mean": 0.7624076029567054,
        "f1_ai_mean": 0.5974955277280859,
        "threshold_mean": 0.13573470390705952,
        "f1_score_fpr": 0.694559300743222,
        "precision_fpr": 0.7736809123950369,
        "recall_fpr": 0.7118193891102258,
        "accuracy_fpr": 0.7118193891102258,
        "roc_auc_fpr": 0.7118193891102258,
        "fpr_fpr": 0.05046480743691899,
        "tpr_fpr": 0.47410358565737054,
        "f1_human_fpr": 0.7671673819742489,
        "f1_ai_fpr": 0.6219512195121951,
        "threshold_fpr": 0.1311536412611996,
        "n_samples_human": 753,
        "n_samples_ai": 753
    },
    "house_of_commons": {
        "n_samples": 2386,
        "f1_score": 0.5441765480895915,
        "precision": 0.7688980068146288,
        "recall": 0.6110645431684828,
        "accuracy": 0.6110645431684828,
        "roc_auc": 0.6110645431684828,
        "fpr": 0.00586756077116513,
        "tpr": 0.22799664710813075,
        "f1_human": 0.7187878787878788,
        "f1_ai": 0.3695652173913043,
        "f1_score_median": 0.8575020955574183,
        "precision_median": 0.8575020955574183,
        "recall_median": 0.8575020955574183,
        "accuracy_median": 0.8575020955574183,
        "roc_auc_median": 0.8575020955574183,
        "fpr_median": 0.14249790444258173,
        "tpr_median": 0.8575020955574183,
        "f1_human_median": 0.8575020955574183,
        "f1_ai_median": 0.8575020955574183,
        "threshold_median": 0.09092023579219993,