{
    "unmatched_loss": 0.25199902057647705,
    "unmatched_n_samples": 10732,
    "unmatched_f1_score": 0.9300910116410714,
    "unmatched_precision": 0.9375392905683405,
    "unmatched_recall": 0.9303950801341782,
    "unmatched_accuracy": 0.50025817918177,
    "unmatched_roc_auc": 0.9922906598933823,
    "unmatched_fpr": 0.005568962316688323,
    "unmatched_tpr": 0.8658559401309636,
    "unmatched_f1_human": 0.9348224413227467,
    "unmatched_f1_ai": 0.9253224032790163,
    "unmatched_f1_score_mean": 0.9319906158149391,
    "unmatched_precision_mean": 0.9387298060827105,
    "unmatched_recall_mean": 0.9322586656727544,
    "unmatched_accuracy_mean": 0.5002457807464872,
    "unmatched_roc_auc_mean": 0.9922906598933823,
    "unmatched_fpr_mean": 0.006868386857248932,
    "unmatched_tpr_mean": 0.8709073900841908,
    "unmatched_f1_human_mean": 0.9363787520784108,
    "unmatched_f1_ai_mean": 0.9275679984058982,
    "unmatched_threshold_mean": 0.4373447299003601,
    "unmatched_f1_score_fpr": 0.9561118506708738,
    "unmatched_precision_fpr": 0.9561901922634051,
    "unmatched_recall_fpr": 0.95611256056653,
    "unmatched_accuracy_fpr": 0.49998249632665964,
    "unmatched_roc_auc_fpr": 0.9922906598933823,
    "unmatched_fpr_fpr": 0.05012066085019491,
    "unmatched_tpr_fpr": 0.9623947614593078,
    "unmatched_f1_human_fpr": 0.9560018682858478,
    "unmatched_f1_ai_fpr": 0.9562226972766986,
    "unmatched_threshold_fpr": 0.011714314272568804,
    "unmatched_n_samples_human": 5387,
    "unmatched_n_samples_ai": 5345,
    "unmatched_runtime": 18.6801,
    "unmatched_samples_per_second": 574.516,
    "unmatched_steps_per_second": 0.589,
    "epoch": 10.0
}