{
    "eval_loss": 0.03094363398849964,
    "eval_n_samples": 752,
    "eval_f1_score": 0.9920212201591512,
    "eval_precision": 0.9920351979175508,
    "eval_recall": 0.9920212765957447,
    "eval_accuracy": 0.5,
    "eval_roc_auc": 0.9993563263920326,
    "eval_fpr": 0.005319148936170213,
    "eval_tpr": 0.9893617021276596,
    "eval_f1_human": 0.9920424403183024,
    "eval_f1_ai": 0.992,
    "eval_f1_score_median": 0.9920212765957447,
    "eval_precision_median": 0.9920212765957447,
    "eval_recall_median": 0.9920212765957447,
    "eval_accuracy_median": 0.5,
    "eval_roc_auc_median": 0.9993563263920326,
    "eval_fpr_median": 0.007978723404255319,
    "eval_tpr_median": 0.9920212765957447,
    "eval_f1_human_median": 0.9920212765957447,
    "eval_f1_ai_median": 0.9920212765957447,
    "eval_threshold_median": 0.3812367916107178,
    "eval_f1_score_mean": 0.9920212201591512,
    "eval_precision_mean": 0.9920351979175508,
    "eval_recall_mean": 0.9920212765957447,
    "eval_accuracy_mean": 0.5,
    "eval_roc_auc_mean": 0.9993563263920326,
    "eval_fpr_mean": 0.005319148936170213,
    "eval_tpr_mean": 0.9893617021276596,
    "eval_f1_human_mean": 0.9920424403183024,
    "eval_f1_ai_mean": 0.992,
    "eval_threshold_mean": 0.4996355175971985,
    "eval_f1_score_fpr": 0.9720601894854172,
    "eval_precision_fpr": 0.9730414566898439,
    "eval_recall_fpr": 0.9720744680851063,
    "eval_accuracy_fpr": 0.5,
    "eval_roc_auc_fpr": 0.9993563263920326,
    "eval_fpr_fpr": 0.05053191489361702,
    "eval_tpr_fpr": 0.9946808510638298,
    "eval_f1_human_fpr": 0.9714285714285714,
    "eval_f1_ai_fpr": 0.9726918075422627,
    "eval_threshold_fpr": 0.07562131436908259,
    "eval_n_samples_human": 376,
    "eval_n_samples_ai": 376,
    "eval_runtime": 1.2836,
    "eval_samples_per_second": 585.842,
    "eval_steps_per_second": 0.779,
    "epoch": 10.0
}