{
    "test_loss": 0.02973625436425209,
    "test_n_samples": 1506,
    "test_f1_score": 0.9893756613756612,
    "test_precision": 0.9894069029742156,
    "test_recall": 0.9893758300132802,
    "test_accuracy": 0.5,
    "test_roc_auc": 0.9991904890398565,
    "test_fpr": 0.006640106241699867,
    "test_tpr": 0.9853917662682603,
    "test_f1_human": 0.9894179894179894,
    "test_f1_ai": 0.9893333333333333,
    "test_f1_score_median": 0.9907038512616202,
    "test_precision_median": 0.9907038512616202,
    "test_recall_median": 0.9907038512616202,
    "test_accuracy_median": 0.5,
    "test_roc_auc_median": 0.9991904890398565,
    "test_fpr_median": 0.009296148738379814,
    "test_tpr_median": 0.9907038512616202,
    "test_f1_human_median": 0.9907038512616202,
    "test_f1_ai_median": 0.9907038512616202,
    "test_threshold_median": 0.32596901059150696,
    "test_f1_score_mean": 0.9893756613756612,
    "test_precision_mean": 0.9894069029742156,
    "test_recall_mean": 0.9893758300132802,
    "test_accuracy_mean": 0.5,
    "test_roc_auc_mean": 0.9991904890398565,
    "test_fpr_mean": 0.006640106241699867,
    "test_tpr_mean": 0.9853917662682603,
    "test_f1_human_mean": 0.9894179894179894,
    "test_f1_ai_mean": 0.9893333333333333,
    "test_threshold_mean": 0.4973980486392975,
    "test_f1_score_fpr": 0.9734243892109373,
    "test_precision_fpr": 0.9745241845246617,
    "test_recall_fpr": 0.9734395750332006,
    "test_accuracy_fpr": 0.5,
    "test_roc_auc_fpr": 0.9991904890398565,
    "test_fpr_fpr": 0.05046480743691899,
    "test_tpr_fpr": 0.99734395750332,
    "test_f1_human_fpr": 0.9727891156462585,
    "test_f1_ai_fpr": 0.9740596627756161,
    "test_threshold_fpr": 0.0296749650719631,
    "test_n_samples_human": 753,
    "test_n_samples_ai": 753,
    "test_runtime": 2.8031,
    "test_samples_per_second": 537.268,
    "test_steps_per_second": 0.714,
    "epoch": 10.0
}