{
    "test_loss": 0.33832234144210815,
    "test_n_samples": 8964,
    "test_f1_score": 0.8386878849224616,
    "test_precision": 0.8386897716791688,
    "test_recall": 0.8386880856760375,
    "test_accuracy": 0.5,
    "test_roc_auc": 0.9271701810464625,
    "test_fpr": 0.1601963409192325,
    "test_tpr": 0.8375725122713075,
    "test_f1_human": 0.8388678404279029,
    "test_f1_ai": 0.8385079294170203,
    "test_f1_score_median": 0.8382418563141455,
    "test_precision_median": 0.8382418563141455,
    "test_recall_median": 0.8382418563141455,
    "test_accuracy_median": 0.5,
    "test_roc_auc_median": 0.9271701810464625,
    "test_fpr_median": 0.16175814368585453,
    "test_tpr_median": 0.8382418563141455,
    "test_f1_human_median": 0.8382418563141455,
    "test_f1_ai_median": 0.8382418563141455,
    "test_threshold_median": 0.4986289143562317,
    "test_f1_score_mean": 0.8387962706163404,
    "test_precision_mean": 0.8388279962958468,
    "test_recall_mean": 0.8387996430165104,
    "test_accuracy_mean": 0.5,
    "test_roc_auc_mean": 0.9271701810464625,
    "test_fpr_mean": 0.1566265060240964,
    "test_tpr_mean": 0.8342257920571173,
    "test_f1_human_mean": 0.8395335924486397,
    "test_f1_ai_mean": 0.8380589487840412,
    "test_threshold_mean": 0.5072458982467651,
    "test_f1_score_fpr": 0.8215733554675406,
    "test_precision_fpr": 0.8464292761675033,
    "test_recall_fpr": 0.8244087460954931,
    "test_accuracy_fpr": 0.5,
    "test_roc_auc_fpr": 0.9271701810464625,
    "test_fpr_fpr": 0.049531459170013385,
    "test_tpr_fpr": 0.6983489513609995,
    "test_f1_human_fpr": 0.8440657816524668,
    "test_f1_ai_fpr": 0.7990809292826142,
    "test_threshold_fpr": 0.7328904784720479,
    "test_n_samples_human": 4482,
    "test_n_samples_ai": 4482,
    "test_runtime": 14.9095,
    "test_samples_per_second": 601.228,
    "test_steps_per_second": 0.604,
    "epoch": 4.791029561671763
}