{
    "unmatched_loss": 0.6350769400596619,
    "unmatched_n_samples": 24224,
    "unmatched_f1_score": 0.7238226301098207,
    "unmatched_precision": 0.749651709431886,
    "unmatched_recall": 0.732001321003963,
    "unmatched_accuracy": 0.509443318765062,
    "unmatched_roc_auc": 0.8326911812853803,
    "unmatched_fpr": 0.11564359536486063,
    "unmatched_tpr": 0.5620852252881593,
    "unmatched_f1_human": 0.7767691355477615,
    "unmatched_f1_ai": 0.6647733140555613,
    "unmatched_f1_score_mean": 0.7467747459903329,
    "unmatched_precision_mean": 0.7491096215519004,
    "unmatched_recall_mean": 0.7480597754293263,
    "unmatched_accuracy_mean": 0.5041457923973343,
    "unmatched_roc_auc_mean": 0.8326911812853803,
    "unmatched_fpr_mean": 0.1926088318196054,
    "unmatched_tpr_mean": 0.6818896262661543,
    "unmatched_f1_human_mean": 0.7716541325251618,
    "unmatched_f1_ai_mean": 0.7190276690760093,
    "unmatched_threshold_mean": 0.3509178161621094,
    "unmatched_f1_score_fpr": 0.6595415707015615,
    "unmatched_precision_fpr": 0.7496672753326956,
    "unmatched_recall_fpr": 0.6877064068692206,
    "unmatched_accuracy_fpr": 0.5156091445714066,
    "unmatched_roc_auc_fpr": 0.8326911812853803,
    "unmatched_fpr_fpr": 0.050344503601628565,
    "unmatched_tpr_fpr": 0.3955640936081034,
    "unmatched_f1_human_fpr": 0.7622788549162556,
    "unmatched_f1_ai_fpr": 0.5449624060150376,
    "unmatched_threshold_fpr": 0.6881856658486337,
    "unmatched_n_samples_human": 12772,
    "unmatched_n_samples_ai": 11452,
    "unmatched_runtime": 40.8557,
    "unmatched_samples_per_second": 592.917,
    "unmatched_steps_per_second": 0.587,
    "epoch": 4.791029561671763
}