{
    "eval_loss": 0.3289172053337097,
    "eval_n_samples": 4484,
    "eval_f1_score": 0.8465652917355923,
    "eval_precision": 0.8465680485615519,
    "eval_recall": 0.8465655664585192,
    "eval_accuracy": 0.5,
    "eval_roc_auc": 0.9316242665964266,
    "eval_fpr": 0.15477252453166815,
    "eval_tpr": 0.8479036574487065,
    "eval_f1_human": 0.8463599821348816,
    "eval_f1_ai": 0.8467706013363029,
    "eval_f1_score_median": 0.8465655664585192,
    "eval_precision_median": 0.8465655664585192,
    "eval_recall_median": 0.8465655664585192,
    "eval_accuracy_median": 0.5,
    "eval_roc_auc_median": 0.9316242665964266,
    "eval_fpr_median": 0.1534344335414808,
    "eval_tpr_median": 0.8465655664585192,
    "eval_f1_human_median": 0.8465655664585192,
    "eval_f1_ai_median": 0.8465655664585192,
    "eval_threshold_median": 0.5022001266479492,
    "eval_f1_score_mean": 0.8470079139463036,
    "eval_precision_mean": 0.8470450132110909,
    "eval_recall_mean": 0.8470115967885816,
    "eval_accuracy_mean": 0.5,
    "eval_roc_auc_mean": 0.9316242665964266,
    "eval_fpr_mean": 0.1480820695807315,
    "eval_tpr_mean": 0.8421052631578947,
    "eval_f1_human_mean": 0.8477585441633377,
    "eval_f1_ai_mean": 0.8462572837292693,
    "eval_threshold_mean": 0.5098714828491211,
    "eval_f1_score_fpr": 0.8233516874804917,
    "eval_precision_fpr": 0.8472508966770403,
    "eval_recall_fpr": 0.8260481712756468,
    "eval_accuracy_fpr": 0.5,
    "eval_roc_auc_fpr": 0.9316242665964266,
    "eval_fpr_fpr": 0.0504014272970562,
    "eval_tpr_fpr": 0.7024977698483497,
    "eval_f1_human_fpr": 0.8451766574037316,
    "eval_f1_ai_fpr": 0.8015267175572519,
    "eval_threshold_fpr": 0.7441163007751519,
    "eval_n_samples_human": 2242,
    "eval_n_samples_ai": 2242,
    "eval_runtime": 7.4305,
    "eval_samples_per_second": 603.458,
    "eval_steps_per_second": 0.673,
    "epoch": 4.791029561671763
}