{
    "test_loss": 0.09161647409200668,
    "test_n_samples": 2870,
    "test_f1_score": 0.9707310108509423,
    "test_precision": 0.9707765165036529,
    "test_recall": 0.9707317073170731,
    "test_accuracy": 0.5,
    "test_roc_auc": 0.9939962850101371,
    "test_fpr": 0.03414634146341464,
    "test_tpr": 0.975609756097561,
    "test_f1_human": 0.9705882352941176,
    "test_f1_ai": 0.970873786407767,
    "test_f1_score_median": 0.972822299651568,
    "test_precision_median": 0.972822299651568,
    "test_recall_median": 0.972822299651568,
    "test_accuracy_median": 0.5,
    "test_roc_auc_median": 0.9939962850101371,
    "test_fpr_median": 0.027177700348432057,
    "test_tpr_median": 0.972822299651568,
    "test_f1_human_median": 0.972822299651568,
    "test_f1_ai_median": 0.972822299651568,
    "test_threshold_median": 0.5737501382827759,
    "test_f1_score_mean": 0.9700343193363988,
    "test_precision_mean": 0.9700677146746534,
    "test_recall_mean": 0.9700348432055749,
    "test_accuracy_mean": 0.5,
    "test_roc_auc_mean": 0.9939962850101371,
    "test_fpr_mean": 0.03414634146341464,
    "test_tpr_mean": 0.9742160278745644,
    "test_f1_human_mean": 0.9699090272918125,
    "test_f1_ai_mean": 0.9701596113809854,
    "test_threshold_mean": 0.5069729089736938,
    "test_f1_score_fpr": 0.9665411636466439,
    "test_precision_fpr": 0.9670731155936471,
    "test_recall_fpr": 0.9665505226480836,
    "test_accuracy_fpr": 0.5,
    "test_roc_auc_fpr": 0.9939962850101371,
    "test_fpr_fpr": 0.050174216027874564,
    "test_tpr_fpr": 0.9832752613240419,
    "test_f1_human_fpr": 0.9659815733522324,
    "test_f1_ai_fpr": 0.9671007539410555,
    "test_threshold_fpr": 0.38628019007240855,
    "test_n_samples_human": 1435,
    "test_n_samples_ai": 1435,
    "test_runtime": 5.0025,
    "test_samples_per_second": 573.713,
    "test_steps_per_second": 0.6,
    "epoch": 4.777070063694268
}