{
    "test_loss": 0.3041163682937622,
    "test_n_samples": 28404,
    "test_f1_score": 0.8703624918939572,
    "test_precision": 0.8722190455849879,
    "test_recall": 0.8705111956062527,
    "test_accuracy": 0.5,
    "test_roc_auc": 0.9449678934922539,
    "test_fpr": 0.16335727362343333,
    "test_tpr": 0.9043796648359386,
    "test_f1_human": 0.8659718679396545,
    "test_f1_ai": 0.8747531158482599,
    "test_f1_score_median": 0.872764399380369,
    "test_precision_median": 0.872764399380369,
    "test_recall_median": 0.872764399380369,
    "test_accuracy_median": 0.5,
    "test_roc_auc_median": 0.9449678934922539,
    "test_fpr_median": 0.12723560061963105,
    "test_tpr_median": 0.872764399380369,
    "test_f1_human_median": 0.872764399380369,
    "test_f1_ai_median": 0.872764399380369,
    "test_threshold_median": 0.5771908760070801,
    "test_f1_score_mean": 0.8714275535103534,
    "test_precision_mean": 0.8723010223073097,
    "test_recall_mean": 0.8714969722574285,
    "test_accuracy_mean": 0.5,
    "test_roc_auc_mean": 0.9449678934922539,
    "test_fpr_mean": 0.15173919166314603,
    "test_tpr_mean": 0.8947331361780031,
    "test_f1_human_mean": 0.8684400230680508,
    "test_f1_ai_mean": 0.8744150839526562,
    "test_threshold_mean": 0.5257453918457031,
    "test_f1_score_fpr": 0.8261057518024407,
    "test_precision_fpr": 0.849426088902769,
    "test_recall_fpr": 0.8286861005492184,
    "test_accuracy_fpr": 0.5,
    "test_roc_auc_fpr": 0.9449678934922539,
    "test_fpr_fpr": 0.04950007041261794,
    "test_tpr_fpr": 0.7068722715110548,
    "test_f1_human_fpr": 0.8472884760230982,
    "test_f1_ai_fpr": 0.8049230275817832,
    "test_threshold_fpr": 0.8113989261250616,
    "test_n_samples_human": 14202,
    "test_n_samples_ai": 14202,
    "test_runtime": 48.7138,
    "test_samples_per_second": 583.079,
    "test_steps_per_second": 0.575,
    "epoch": 1.3839716768587063
}