{
    "test_loss": 0.29283788800239563,
    "test_n_samples": 594,
    "test_f1_score": 0.8868561778778498,
    "test_precision": 0.8920454545454546,
    "test_recall": 0.8872053872053872,
    "test_accuracy": 0.5,
    "test_roc_auc": 0.9555600902402249,
    "test_fpr": 0.05723905723905724,
    "test_tpr": 0.8316498316498316,
    "test_f1_human": 0.8931419457735247,
    "test_f1_ai": 0.8805704099821747,
    "test_f1_score_median": 0.9023569023569024,
    "test_precision_median": 0.9023569023569024,
    "test_recall_median": 0.9023569023569024,
    "test_accuracy_median": 0.5,
    "test_roc_auc_median": 0.9555600902402249,
    "test_fpr_median": 0.09764309764309764,
    "test_tpr_median": 0.9023569023569024,
    "test_f1_human_median": 0.9023569023569024,
    "test_f1_ai_median": 0.9023569023569024,
    "test_threshold_median": 0.23791714012622833,
    "test_f1_score_mean": 0.8954225352112678,
    "test_precision_mean": 0.8986782127883199,
    "test_recall_mean": 0.8956228956228957,
    "test_accuracy_mean": 0.5,
    "test_roc_auc_mean": 0.9555600902402249,
    "test_fpr_mean": 0.06060606060606061,
    "test_tpr_mean": 0.8518518518518519,
    "test_f1_human_mean": 0.9,
    "test_f1_ai_mean": 0.8908450704225352,
    "test_threshold_mean": 0.4482462704181671,
    "test_f1_score_fpr": 0.881618057374529,
    "test_precision_fpr": 0.8892147467353277,
    "test_recall_fpr": 0.8821548821548821,
    "test_accuracy_fpr": 0.5,
    "test_roc_auc_fpr": 0.9555600902402249,
    "test_fpr_fpr": 0.050505050505050504,
    "test_tpr_fpr": 0.8148148148148148,
    "test_f1_human_fpr": 0.889589905362776,
    "test_f1_ai_fpr": 0.8736462093862816,
    "test_threshold_fpr": 0.5547667145979926,
    "test_n_samples_human": 297,
    "test_n_samples_ai": 297,
    "test_runtime": 1.2954,
    "test_samples_per_second": 458.551,
    "test_steps_per_second": 0.772,
    "epoch": 10.0
}