{
    "test_loss": 0.14095844328403473,
    "test_n_samples": 2386,
    "test_f1_score": 0.9509415427224295,
    "test_precision": 0.9517896058699973,
    "test_recall": 0.9509639564124057,
    "test_accuracy": 0.5,
    "test_roc_auc": 0.990038285640812,
    "test_fpr": 0.027661357921207042,
    "test_tpr": 0.9295892707460185,
    "test_f1_human": 0.9519901518260155,
    "test_f1_ai": 0.9498929336188436,
    "test_f1_score_median": 0.9497066219614417,
    "test_precision_median": 0.9497066219614417,
    "test_recall_median": 0.9497066219614417,
    "test_accuracy_median": 0.5,
    "test_roc_auc_median": 0.990038285640812,
    "test_fpr_median": 0.050293378038558254,
    "test_tpr_median": 0.9497066219614417,
    "test_f1_human_median": 0.9497066219614417,
    "test_f1_ai_median": 0.9497066219614417,
    "test_threshold_median": 0.2941470146179199,
    "test_f1_score_mean": 0.9505280211419312,
    "test_precision_mean": 0.9511585414331677,
    "test_recall_mean": 0.950544844928751,
    "test_accuracy_mean": 0.5,
    "test_roc_auc_mean": 0.990038285640812,
    "test_fpr_mean": 0.03101424979044426,
    "test_tpr_mean": 0.9321039396479464,
    "test_f1_human_mean": 0.951440329218107,
    "test_f1_ai_mean": 0.9496157130657558,
    "test_threshold_mean": 0.4794805645942688,
    "test_f1_score_fpr": 0.9497066219614417,
    "test_precision_fpr": 0.9497066219614417,
    "test_recall_fpr": 0.9497066219614417,
    "test_accuracy_fpr": 0.5,
    "test_roc_auc_fpr": 0.990038285640812,
    "test_fpr_fpr": 0.050293378038558254,
    "test_tpr_fpr": 0.9497066219614417,
    "test_f1_human_fpr": 0.9497066219614417,
    "test_f1_ai_fpr": 0.9497066219614417,
    "test_threshold_fpr": 0.29347492803172315,
    "test_n_samples_human": 1193,
    "test_n_samples_ai": 1193,
    "test_runtime": 4.4208,
    "test_samples_per_second": 539.724,
    "test_steps_per_second": 0.679,
    "epoch": 10.0
}