{
    "test_loss": 0.5916548371315002,
    "test_n_samples": 4902,
    "test_f1_score": 0.6855400646682257,
    "test_precision": 0.7347163425845483,
    "test_recall": 0.6978784169726642,
    "test_accuracy": 0.5,
    "test_roc_auc": 0.7965072582968907,
    "test_fpr": 0.10403916768665851,
    "test_tpr": 0.49979600163198695,
    "test_f1_human": 0.7478290481866168,
    "test_f1_ai": 0.6232510811498346,
    "test_f1_score_median": 0.7250101999184007,
    "test_precision_median": 0.7250101999184007,
    "test_recall_median": 0.7250101999184007,
    "test_accuracy_median": 0.5,
    "test_roc_auc_median": 0.7965072582968907,
    "test_fpr_median": 0.27498980008159934,
    "test_tpr_median": 0.7250101999184007,
    "test_f1_human_median": 0.7250101999184007,
    "test_f1_ai_median": 0.7250101999184007,
    "test_threshold_median": 0.3735141158103943,
    "test_f1_score_mean": 0.7246784440875951,
    "test_precision_mean": 0.7287587645096263,
    "test_recall_mean": 0.7256221950224399,
    "test_accuracy_mean": 0.5,
    "test_roc_auc_mean": 0.7965072582968907,
    "test_fpr_mean": 0.21583027335781313,
    "test_tpr_mean": 0.6670746634026927,
    "test_f1_human_mean": 0.7407978415879746,
    "test_f1_ai_mean": 0.7085590465872156,
    "test_threshold_mean": 0.40628182888031006,
    "test_f1_score_fpr": 0.6208440476225223,
    "test_precision_fpr": 0.7369464680410592,
    "test_recall_fpr": 0.6540187678498572,
    "test_accuracy_fpr": 0.5,
    "test_roc_auc_fpr": 0.7965072582968907,
    "test_fpr_fpr": 0.05018359853121175,
    "test_tpr_fpr": 0.35822113423092616,
    "test_f1_human_fpr": 0.7329974811083123,
    "test_f1_ai_fpr": 0.5086906141367323,
    "test_threshold_fpr": 0.5848420546620001,
    "test_n_samples_human": 2451,
    "test_n_samples_ai": 2451,
    "test_runtime": 8.5587,
    "test_samples_per_second": 572.75,
    "test_steps_per_second": 0.584,
    "epoch": 2.793296089385475
}