{
    "test_loss": 0.1422819048166275,
    "test_n_samples": 14496,
    "test_f1_score": 0.9486030484839236,
    "test_precision": 0.9487274717050439,
    "test_recall": 0.9486065121412803,
    "test_accuracy": 0.5,
    "test_roc_auc": 0.9877397860230303,
    "test_fpr": 0.059602649006622516,
    "test_tpr": 0.9568156732891833,
    "test_f1_human": 0.9481811226264172,
    "test_f1_ai": 0.9490249743414301,
    "test_f1_score_median": 0.9477097130242825,
    "test_precision_median": 0.9477097130242825,
    "test_recall_median": 0.9477097130242825,
    "test_accuracy_median": 0.5,
    "test_roc_auc_median": 0.9877397860230303,
    "test_fpr_median": 0.05229028697571744,
    "test_tpr_median": 0.9477097130242825,
    "test_f1_human_median": 0.9477097130242825,
    "test_f1_ai_median": 0.9477097130242825,
    "test_threshold_median": 0.5538588166236877,
    "test_f1_score_mean": 0.9481908235109344,
    "test_precision_mean": 0.9482542538373983,
    "test_recall_mean": 0.9481926048565121,
    "test_accuracy_mean": 0.5,
    "test_roc_auc_mean": 0.9877397860230303,
    "test_fpr_mean": 0.0576710816777042,
    "test_tpr_mean": 0.9540562913907285,
    "test_f1_human_mean": 0.9478870307404066,
    "test_f1_ai_mean": 0.9484946162814621,
    "test_threshold_mean": 0.5139951109886169,
    "test_f1_score_fpr": 0.947571519379173,
    "test_precision_fpr": 0.9475794118258444,
    "test_recall_fpr": 0.9475717439293598,
    "test_accuracy_fpr": 0.5,
    "test_roc_auc_fpr": 0.9877397860230303,
    "test_fpr_fpr": 0.05035871964679912,
    "test_tpr_fpr": 0.9455022075055187,
    "test_f1_human_fpr": 0.9476800220294644,
    "test_f1_ai_fpr": 0.9474630167288816,
    "test_threshold_fpr": 0.569386379081945,
    "test_n_samples_human": 7248,
    "test_n_samples_ai": 7248,
    "test_runtime": 24.9946,
    "test_samples_per_second": 579.965,
    "test_steps_per_second": 0.6,
    "epoch": 2.9634300126103406
}