{
    "eval_loss": 0.5973612666130066,
    "eval_n_samples": 2450,
    "eval_f1_score": 0.6898518090799276,
    "eval_precision": 0.731993078874754,
    "eval_recall": 0.7004081632653061,
    "eval_accuracy": 0.5,
    "eval_roc_auc": 0.7935693461057892,
    "eval_fpr": 0.11510204081632654,
    "eval_tpr": 0.5159183673469387,
    "eval_f1_human": 0.7470709855272226,
    "eval_f1_ai": 0.6326326326326326,
    "eval_f1_score_median": 0.7322448979591837,
    "eval_precision_median": 0.7322448979591837,
    "eval_recall_median": 0.7322448979591837,
    "eval_accuracy_median": 0.5,
    "eval_roc_auc_median": 0.7935693461057892,
    "eval_fpr_median": 0.2677551020408163,
    "eval_tpr_median": 0.7322448979591837,
    "eval_f1_human_median": 0.7322448979591837,
    "eval_f1_ai_median": 0.7322448979591837,
    "eval_threshold_median": 0.3793485164642334,
    "eval_f1_score_mean": 0.7322672852561734,
    "eval_precision_mean": 0.7340017533794109,
    "eval_recall_mean": 0.7326530612244898,
    "eval_accuracy_mean": 0.5,
    "eval_roc_auc_mean": 0.7935693461057892,
    "eval_fpr_mean": 0.22938775510204082,
    "eval_tpr_mean": 0.6946938775510204,
    "eval_f1_human_mean": 0.7424302005505309,
    "eval_f1_ai_mean": 0.7221043699618158,
    "eval_threshold_mean": 0.4073854088783264,
    "eval_f1_score_fpr": 0.5814946489568082,
    "eval_precision_fpr": 0.7134428268177802,
    "eval_recall_fpr": 0.6248979591836735,
    "eval_accuracy_fpr": 0.5,
    "eval_roc_auc_fpr": 0.7935693461057892,
    "eval_fpr_fpr": 0.053061224489795916,
    "eval_tpr_fpr": 0.3028571428571429,
    "eval_f1_human_fpr": 0.716270453843779,
    "eval_f1_ai_fpr": 0.4467188440698375,
    "eval_threshold_fpr": 0.6109272839201196,
    "eval_n_samples_human": 1225,
    "eval_n_samples_ai": 1225,
    "eval_runtime": 4.2517,
    "eval_samples_per_second": 576.24,
    "eval_steps_per_second": 0.706,
    "epoch": 2.793296089385475
}