{
    "unmatched_loss": 0.7143710255622864,
    "unmatched_n_samples": 7524,
    "unmatched_f1_score": 0.5440315724358669,
    "unmatched_precision": 0.612129168427832,
    "unmatched_recall": 0.6018075491759702,
    "unmatched_accuracy": 0.5441896228012236,
    "unmatched_roc_auc": 0.6137358882285967,
    "unmatched_fpr": 0.09659896079357581,
    "unmatched_tpr": 0.21367781155015197,
    "unmatched_f1_human": 0.7185797482622581,
    "unmatched_f1_ai": 0.3194002726033621,
    "unmatched_f1_score_mean": 0.5879368225675623,
    "unmatched_precision_mean": 0.5871772172722503,
    "unmatched_recall_mean": 0.5891812865497076,
    "unmatched_accuracy_mean": 0.5104220808493451,
    "unmatched_roc_auc_mean": 0.6137358882285967,
    "unmatched_fpr_mean": 0.3469532357109117,
    "unmatched_tpr_mean": 0.5069908814589665,
    "unmatched_f1_human_mean": 0.6414569075513281,
    "unmatched_f1_ai_mean": 0.5190602147191535,
    "unmatched_threshold_mean": 0.3378981947898865,
    "unmatched_f1_score_fpr": 0.5022392527514156,
    "unmatched_precision_fpr": 0.6214185188718856,
    "unmatched_recall_fpr": 0.5914407230196704,
    "unmatched_accuracy_fpr": 0.552093728917367,
    "unmatched_roc_auc_fpr": 0.6137358882285967,
    "unmatched_fpr_fpr": 0.04983467170524327,
    "unmatched_tpr_fpr": 0.12978723404255318,
    "unmatched_f1_human_fpr": 0.7235611510791367,
    "unmatched_f1_ai_fpr": 0.2174134419551935,
    "unmatched_threshold_fpr": 0.5781444609024415,
    "unmatched_n_samples_human": 4234,
    "unmatched_n_samples_ai": 3290,
    "unmatched_runtime": 12.8796,
    "unmatched_samples_per_second": 584.179,
    "unmatched_steps_per_second": 0.621,
    "epoch": 2.793296089385475
}