{
    "eval_loss": 0.1483193039894104,
    "eval_n_samples": 7248,
    "eval_f1_score": 0.9413614368983558,
    "eval_precision": 0.9414142556401971,
    "eval_recall": 0.9413631346578366,
    "eval_accuracy": 0.5,
    "eval_roc_auc": 0.9867268705319941,
    "eval_fpr": 0.0640176600441501,
    "eval_tpr": 0.9467439293598234,
    "eval_f1_human": 0.9410459148286864,
    "eval_f1_ai": 0.9416769589680253,
    "eval_f1_score_median": 0.9426048565121413,
    "eval_precision_median": 0.9426048565121413,
    "eval_recall_median": 0.9426048565121413,
    "eval_accuracy_median": 0.5,
    "eval_roc_auc_median": 0.9867268705319941,
    "eval_fpr_median": 0.05739514348785872,
    "eval_tpr_median": 0.9426048565121413,
    "eval_f1_human_median": 0.9426048565121413,
    "eval_f1_ai_median": 0.9426048565121413,
    "eval_threshold_median": 0.5265970230102539,
    "eval_f1_score_mean": 0.941362544192481,
    "eval_precision_mean": 0.9413809130647758,
    "eval_recall_mean": 0.9413631346578366,
    "eval_accuracy_mean": 0.5,
    "eval_roc_auc_mean": 0.9867268705319941,
    "eval_fpr_mean": 0.06181015452538632,
    "eval_tpr_mean": 0.9445364238410596,
    "eval_f1_human_mean": 0.9411764705882353,
    "eval_f1_ai_mean": 0.9415486177967267,
    "eval_threshold_mean": 0.5127065777778625,
    "eval_f1_score_fpr": 0.9431544432064121,
    "eval_precision_fpr": 0.9432281441384909,
    "eval_recall_fpr": 0.9431567328918322,
    "eval_accuracy_fpr": 0.5,
    "eval_roc_auc_fpr": 0.9867268705319941,
    "eval_fpr_fpr": 0.050496688741721855,
    "eval_tpr_fpr": 0.9368101545253863,
    "eval_f1_human_fpr": 0.9435152179873869,
    "eval_f1_ai_fpr": 0.9427936684254373,
    "eval_threshold_fpr": 0.5802972890420202,
    "eval_n_samples_human": 3624,
    "eval_n_samples_ai": 3624,
    "eval_runtime": 12.222,
    "eval_samples_per_second": 593.031,
    "eval_steps_per_second": 0.655,
    "epoch": 2.9634300126103406
}