{
    "unmatched_loss": 0.5851877331733704,
    "unmatched_n_samples": 11222,
    "unmatched_f1_score": 0.742028558401958,
    "unmatched_precision": 0.7842800455119284,
    "unmatched_recall": 0.7540545357333809,
    "unmatched_accuracy": 0.5178713833905896,
    "unmatched_roc_auc": 0.8857241899791498,
    "unmatched_fpr": 0.06422924901185771,
    "unmatched_tpr": 0.5398058252427185,
    "unmatched_f1_human": 0.8045879354290569,
    "unmatched_f1_ai": 0.6682692307692307,
    "unmatched_f1_score_mean": 0.7823934629851962,
    "unmatched_precision_mean": 0.7958034185885512,
    "unmatched_recall_mean": 0.7865799322758866,
    "unmatched_accuracy_mean": 0.511801995094482,
    "unmatched_roc_auc_mean": 0.8857241899791498,
    "unmatched_fpr_mean": 0.10243741765480896,
    "unmatched_tpr_mean": 0.6557281553398058,
    "unmatched_f1_human_mean": 0.8198570891312523,
    "unmatched_f1_ai_mean": 0.7382227565854191,
    "unmatched_threshold_mean": 0.32027778029441833,
    "unmatched_f1_score_fpr": 0.7197731929664536,
    "unmatched_precision_fpr": 0.7803257551954677,
    "unmatched_recall_fpr": 0.737212618071645,
    "unmatched_accuracy_fpr": 0.5205290286879202,
    "unmatched_roc_auc_fpr": 0.8857241899791498,
    "unmatched_fpr_fpr": 0.04990118577075099,
    "unmatched_tpr_fpr": 0.4862135922330097,
    "unmatched_f1_human_fpr": 0.7964381859598261,
    "unmatched_f1_ai_fpr": 0.6293829332663063,
    "unmatched_threshold_fpr": 0.5858393029576077,
    "unmatched_n_samples_human": 6072,
    "unmatched_n_samples_ai": 5150,
    "unmatched_runtime": 18.9425,
    "unmatched_samples_per_second": 592.426,
    "unmatched_steps_per_second": 0.581,
    "epoch": 2.9634300126103406
}