{
    "eval_loss": 0.09618201851844788,
    "eval_n_samples": 2012,
    "eval_f1_score": 0.9622236166627963,
    "eval_precision": 0.9623746678896761,
    "eval_recall": 0.9622266401590457,
    "eval_accuracy": 0.5,
    "eval_roc_auc": 0.9929295993423158,
    "eval_fpr": 0.02882703777335984,
    "eval_tpr": 0.9532803180914513,
    "eval_f1_human": 0.9625615763546798,
    "eval_f1_ai": 0.9618856569709128,
    "eval_f1_score_median": 0.9602385685884692,
    "eval_precision_median": 0.9602385685884692,
    "eval_recall_median": 0.9602385685884692,
    "eval_accuracy_median": 0.5,
    "eval_roc_auc_median": 0.9929295993423158,
    "eval_fpr_median": 0.039761431411530816,
    "eval_tpr_median": 0.9602385685884692,
    "eval_f1_human_median": 0.9602385685884692,
    "eval_f1_ai_median": 0.9602385685884692,
    "eval_threshold_median": 0.39484745264053345,
    "eval_f1_score_mean": 0.962720333575194,
    "eval_precision_mean": 0.9628887735685867,
    "eval_recall_mean": 0.9627236580516899,
    "eval_accuracy_mean": 0.5,
    "eval_roc_auc_mean": 0.9929295993423158,
    "eval_fpr_mean": 0.027833001988071572,
    "eval_tpr_mean": 0.9532803180914513,
    "eval_f1_human_mean": 0.9630723781388478,
    "eval_f1_ai_mean": 0.9623682890115404,
    "eval_threshold_mean": 0.5071834921836853,
    "eval_f1_score_fpr": 0.9567576380782984,
    "eval_precision_fpr": 0.9568357303874916,
    "eval_recall_fpr": 0.9567594433399602,
    "eval_accuracy_fpr": 0.5,
    "eval_roc_auc_fpr": 0.9929295993423158,
    "eval_fpr_fpr": 0.04970178926441352,
    "eval_tpr_fpr": 0.963220675944334,
    "eval_f1_human_fpr": 0.9564782391195598,
    "eval_f1_ai_fpr": 0.957037037037037,
    "eval_threshold_fpr": 0.34440685598324117,
    "eval_n_samples_human": 1006,
    "eval_n_samples_ai": 1006,
    "eval_runtime": 3.4219,
    "eval_samples_per_second": 587.975,
    "eval_steps_per_second": 0.584,
    "epoch": 6.363636363636363
}