{
    "test_loss": 0.09230569005012512,
    "test_n_samples": 4024,
    "test_f1_score": 0.9694292291212422,
    "test_precision": 0.9696897008973204,
    "test_recall": 0.9694333996023857,
    "test_accuracy": 0.5,
    "test_roc_auc": 0.9924039263425413,
    "test_fpr": 0.018886679920477135,
    "test_tpr": 0.9577534791252486,
    "test_f1_human": 0.969786293294031,
    "test_f1_ai": 0.9690721649484536,
    "test_f1_score_median": 0.9657057654075547,
    "test_precision_median": 0.9657057654075547,
    "test_recall_median": 0.9657057654075547,
    "test_accuracy_median": 0.5,
    "test_roc_auc_median": 0.9924039263425413,
    "test_fpr_median": 0.03429423459244533,
    "test_tpr_median": 0.9657057654075547,
    "test_f1_human_median": 0.9657057654075547,
    "test_f1_ai_median": 0.9657057654075547,
    "test_threshold_median": 0.38314831256866455,
    "test_f1_score_mean": 0.9701743216029375,
    "test_precision_mean": 0.9704694728453616,
    "test_recall_mean": 0.9701789264413518,
    "test_accuracy_mean": 0.5,
    "test_roc_auc_mean": 0.9924039263425413,
    "test_fpr_mean": 0.01739562624254473,
    "test_tpr_mean": 0.9577534791252486,
    "test_f1_human_mean": 0.9705449189985272,
    "test_f1_ai_mean": 0.9698037242073477,
    "test_threshold_mean": 0.504980742931366,
    "test_f1_score_fpr": 0.9594896168025027,
    "test_precision_fpr": 0.9596484855224222,
    "test_recall_fpr": 0.959493041749503,
    "test_accuracy_fpr": 0.5,
    "test_roc_auc_fpr": 0.9924039263425413,
    "test_fpr_fpr": 0.04970178926441352,
    "test_tpr_fpr": 0.9686878727634195,
    "test_f1_human_fpr": 0.9591171306746927,
    "test_f1_ai_fpr": 0.9598621029303127,
    "test_threshold_fpr": 0.30647639204446175,
    "test_n_samples_human": 2012,
    "test_n_samples_ai": 2012,
    "test_runtime": 7.1127,
    "test_samples_per_second": 565.752,
    "test_steps_per_second": 0.562,
    "epoch": 6.363636363636363
}