{
    "unmatched_loss": 0.6547057628631592,
    "unmatched_n_samples": 16165,
    "unmatched_f1_score": 0.7160989055976839,
    "unmatched_precision": 0.8058111107023185,
    "unmatched_recall": 0.734611815651098,
    "unmatched_accuracy": 0.5057857431994083,
    "unmatched_roc_auc": 0.9102339075958584,
    "unmatched_fpr": 0.02141301717880474,
    "unmatched_tpr": 0.47930117736422334,
    "unmatched_f1_human": 0.7904045339065859,
    "unmatched_f1_ai": 0.6383409205867476,
    "unmatched_f1_score_mean": 0.7657532320398193,
    "unmatched_precision_mean": 0.8090959440406859,
    "unmatched_recall_mean": 0.7736467677080111,
    "unmatched_accuracy_mean": 0.504166381163016,
    "unmatched_roc_auc_mean": 0.9102339075958584,
    "unmatched_fpr_mean": 0.052988144205177834,
    "unmatched_tpr_mean": 0.5922268641600202,
    "unmatched_f1_human_mean": 0.8105617395806368,
    "unmatched_f1_ai_mean": 0.7188628505570496,
    "unmatched_threshold_mean": 0.2881213426589966,
    "unmatched_f1_score_fpr": 0.7612563114945655,
    "unmatched_precision_fpr": 0.8079002426849934,
    "unmatched_recall_fpr": 0.7698731828023507,
    "unmatched_accuracy_fpr": 0.5043110422989644,
    "unmatched_roc_auc_fpr": 0.9102339075958584,
    "unmatched_fpr_fpr": 0.050447616743285746,
    "unmatched_tpr_fpr": 0.5818458032662363,
    "unmatched_f1_human_fpr": 0.808425172520342,
    "unmatched_f1_ai_fpr": 0.7118959107806692,
    "unmatched_threshold_fpr": 0.30318057920694524,
    "unmatched_n_samples_human": 8266,
    "unmatched_n_samples_ai": 7899,
    "unmatched_runtime": 28.0466,
    "unmatched_samples_per_second": 576.361,
    "unmatched_steps_per_second": 0.57,
    "epoch": 6.363636363636363
}