{
    "unmatched_loss": 0.8267897963523865,
    "unmatched_n_samples": 10552,
    "unmatched_f1_score": 0.6499241968578906,
    "unmatched_precision": 0.7574509513968748,
    "unmatched_recall": 0.6779757391963609,
    "unmatched_accuracy": 0.5021439726491167,
    "unmatched_roc_auc": 0.8414997771117477,
    "unmatched_fpr": 0.0427012791572611,
    "unmatched_tpr": 0.39438502673796794,
    "unmatched_f1_human": 0.7497053624042428,
    "unmatched_f1_ai": 0.5486184909670563,
    "unmatched_f1_score_mean": 0.7220606707575962,
    "unmatched_precision_mean": 0.7610525360185085,
    "unmatched_recall_mean": 0.7306671721000758,
    "unmatched_accuracy_mean": 0.5013335165002549,
    "unmatched_roc_auc_mean": 0.8414997771117477,
    "unmatched_fpr_mean": 0.09650112866817155,
    "unmatched_tpr_mean": 0.5551948051948052,
    "unmatched_f1_human_mean": 0.7716902313624678,
    "unmatched_f1_ai_mean": 0.6716728280961183,
    "unmatched_threshold_mean": 0.25316688418388367,
    "unmatched_f1_score_fpr": 0.6604042111016588,
    "unmatched_precision_fpr": 0.7557804003058602,
    "unmatched_recall_fpr": 0.6848938589840788,
    "unmatched_accuracy_fpr": 0.502034043756585,
    "unmatched_roc_auc_fpr": 0.8414997771117477,
    "unmatched_fpr_fpr": 0.050225733634311515,
    "unmatched_tpr_fpr": 0.41596638655462187,
    "unmatched_f1_human_fpr": 0.752290844073605,
    "unmatched_f1_ai_fpr": 0.5671136570759016,
    "unmatched_threshold_fpr": 0.45975416885272646,
    "unmatched_n_samples_human": 5316,
    "unmatched_n_samples_ai": 5236,
    "unmatched_runtime": 18.112,
    "unmatched_samples_per_second": 582.596,
    "unmatched_steps_per_second": 0.607,
    "epoch": 10.0
}