{
    "eval_loss": 0.3013290464878082,
    "eval_n_samples": 298,
    "eval_f1_score": 0.8925739005046864,
    "eval_precision": 0.8932551319648093,
    "eval_recall": 0.8926174496644296,
    "eval_accuracy": 0.5,
    "eval_roc_auc": 0.9504526823116076,
    "eval_fpr": 0.087248322147651,
    "eval_tpr": 0.87248322147651,
    "eval_f1_human": 0.8947368421052632,
    "eval_f1_ai": 0.8904109589041096,
    "eval_f1_score_median": 0.8859060402684564,
    "eval_precision_median": 0.8859060402684564,
    "eval_recall_median": 0.8859060402684564,
    "eval_accuracy_median": 0.5,
    "eval_roc_auc_median": 0.9504526823116076,
    "eval_fpr_median": 0.11409395973154363,
    "eval_tpr_median": 0.8859060402684564,
    "eval_f1_human_median": 0.8859060402684564,
    "eval_f1_ai_median": 0.8859060402684564,
    "eval_threshold_median": 0.41726750135421753,
    "eval_f1_score_mean": 0.8925739005046864,
    "eval_precision_mean": 0.8932551319648093,
    "eval_recall_mean": 0.8926174496644296,
    "eval_accuracy_mean": 0.5,
    "eval_roc_auc_mean": 0.9504526823116076,
    "eval_fpr_mean": 0.087248322147651,
    "eval_tpr_mean": 0.87248322147651,
    "eval_f1_human_mean": 0.8947368421052632,
    "eval_f1_ai_mean": 0.8904109589041096,
    "eval_threshold_mean": 0.4790288805961609,
    "eval_f1_score_fpr": 0.8717844202898551,
    "eval_precision_fpr": 0.8807846387622599,
    "eval_recall_fpr": 0.87248322147651,
    "eval_accuracy_fpr": 0.5,
    "eval_roc_auc_fpr": 0.9504526823116076,
    "eval_fpr_fpr": 0.053691275167785234,
    "eval_tpr_fpr": 0.7986577181208053,
    "eval_f1_human_fpr": 0.88125,
    "eval_f1_ai_fpr": 0.8623188405797102,
    "eval_threshold_fpr": 0.7631881246030731,
    "eval_n_samples_human": 149,
    "eval_n_samples_ai": 149,
    "eval_runtime": 0.5252,
    "eval_samples_per_second": 567.392,
    "eval_steps_per_second": 1.904,
    "epoch": 10.0
}